#TIMESTAMP,#MULTI_THREAD,#COMPUTE_TIME,#IM_X,#IM_Y,#PS_METHOD,#FOURIER_FILTER,#CUTOFF_FREQ,#SAM_B1,#SAM_B2,#SAM_B3,#RMSE_B1,#RMSE_B2,#RMSE_B3,#RASE,#ERGAS,#INPUT_MS,#OUT_FILE
"1553000893","False","0.725699520111084","1024","1024","fft","ideal_lpf","0.125","14.27163820902158","13.791190950915993","12.386395535427605","0.20381507056428488","0.1938368573905962","0.1625887738856319","6.062173380006389","1.5155433450015972","data/spot6/GEBZE/S6_GEBZE_MS.tiff","data/spot6/GEBZE/OUT.tiff"
"1553000899","True","0.5037850618362427","1024","1024","fft","ideal_lpf","0.125","14.27163820902158","13.791190950915993","12.386395535427605","0.20381507056428488","0.1938368573905962","0.1625887738856319","6.062173380006389","1.5155433450015972","data/spot6/GEBZE/S6_GEBZE_MS.tiff","data/spot6/GEBZE/OUT.tiff"
"1553000907","False","0.7395980834960938","1024","1024","fft","hamming","0.125","14.27163820902158","13.791190950915993","12.386395535427605","0.20381507056428488","0.1938368573905962","0.1625887738856319","6.062173380006389","1.5155433450015972","data/spot6/GEBZE/S6_GEBZE_MS.tiff","data/spot6/GEBZE/OUT.tiff"
"1553000913","True","0.5298431396484375","1024","1024","fft","hamming","0.125","14.968359236722636","14.418111028241158","12.964139358309827","0.21278789708033055","0.20183510330248544","0.1696376655076882","6.321929772477477","1.5804824431193691","data/spot6/GEBZE/S6_GEBZE_MS.tiff","data/spot6/GEBZE/OUT.tiff"
"1553000921","False","0.740706491470337","1024","1024","fft","hanning","0.125","14.27163820902158","13.791190950915993","12.386395535427605","0.20381507056428488","0.1938368573905962","0.1625887738856319","6.062173380006389","1.5155433450015972","data/spot6/GEBZE/S6_GEBZE_MS.tiff","data/spot6/GEBZE/OUT.tiff"
"1553000927","True","0.5348979473114014","1024","1024","fft","hanning","0.125","15.081147755884949","14.520252147543932","13.0596877949425","0.2143461419534585","0.2032274019685575","0.1708649936989589","6.367111050517432","1.591777762629358","data/spot6/GEBZE/S6_GEBZE_MS.tiff","data/spot6/GEBZE/OUT.tiff"
"1553000935","False","0.7178421735763549","1024","1024","fft","lbtw","0.125","14.27163820902158","13.791190950915993","12.386395535427605","0.20381507056428488","0.1938368573905962","0.1625887738856319","6.062173380006389","1.5155433450015972","data/spot6/GEBZE/S6_GEBZE_MS.tiff","data/spot6/GEBZE/OUT.tiff"
"1553000941","True","0.5044975757598877","1024","1024","fft","lbtw","0.125","12.666950543835657","12.260448478333982","11.018326606144864","0.17991629929122718","0.1714497262701253","0.14403020526850133","5.360479114392604","1.340119778598151","data/spot6/GEBZE/S6_GEBZE_MS.tiff","data/spot6/GEBZE/OUT.tiff"
"1553000949","False","0.7447139501571656","1024","1024","fft","gauss_low","0.125","14.27163820902158","13.791190950915993","12.386395535427605","0.20381507056428488","0.1938368573905962","0.1625887738856319","6.062173380006389","1.5155433450015972","data/spot6/GEBZE/S6_GEBZE_MS.tiff","data/spot6/GEBZE/OUT.tiff"
"1553000955","True","0.5215393781661988","1024","1024","fft","gauss_low","0.125","13.090527010651902","12.683541911820091","11.397891516382478","0.18632951570464634","0.17771509250469714","0.14922774125540894","5.553946841017257","1.3884867102543144","data/spot6/GEBZE/S6_GEBZE_MS.tiff","data/spot6/GEBZE/OUT.tiff"
"1553000956","False","0.0448014497756958","1024","1024","ihs","None","None","14.717661813790128","14.949627796134934","15.926903289112158","0.20663849580181348","0.20663849580181348","0.20663849580181348","6.7289197381750006","1.6822299345437501","data/spot6/GEBZE/S6_GEBZE_MS.tiff","data/spot6/GEBZE/OUT.tiff"
"1553000957","True","0.042680096626281736","1024","1024","ihs","None","None","14.717661813790128","14.949627796134934","15.926903289112158","0.20663849580181348","0.20663849580181348","0.20663849580181348","6.7289197381750006","1.6822299345437501","data/spot6/GEBZE/S6_GEBZE_MS.tiff","data/spot6/GEBZE/OUT.tiff"
"1553000958","False","0.04462623596191406","1024","1024","ihs","None","None","14.717661813790128","14.949627796134934","15.926903289112158","0.20663849580181348","0.20663849580181348","0.20663849580181348","6.7289197381750006","1.6822299345437501","data/spot6/GEBZE/S6_GEBZE_MS.tiff","data/spot6/GEBZE/OUT.tiff"
"1553000959","True","0.04337520599365234","1024","1024","ihs","None","None","14.717661813790128","14.949627796134934","15.926903289112158","0.20663849580181348","0.20663849580181348","0.20663849580181348","6.7289197381750006","1.6822299345437501","data/spot6/GEBZE/S6_GEBZE_MS.tiff","data/spot6/GEBZE/OUT.tiff"
"1553000960","False","0.04411194324493408","1024","1024","ihs","None","None","14.717661813790128","14.949627796134934","15.926903289112158","0.20663849580181348","0.20663849580181348","0.20663849580181348","6.7289197381750006","1.6822299345437501","data/spot6/GEBZE/S6_GEBZE_MS.tiff","data/spot6/GEBZE/OUT.tiff"
"1553000961","True","0.043232297897338866","1024","1024","ihs","None","None","14.717661813790128","14.949627796134934","15.926903289112158","0.20663849580181348","0.20663849580181348","0.20663849580181348","6.7289197381750006","1.6822299345437501","data/spot6/GEBZE/S6_GEBZE_MS.tiff","data/spot6/GEBZE/OUT.tiff"
"1553000962","False","0.04521069526672363","1024","1024","ihs","None","None","14.717661813790128","14.949627796134934","15.926903289112158","0.20663849580181348","0.20663849580181348","0.20663849580181348","6.7289197381750006","1.6822299345437501","data/spot6/GEBZE/S6_GEBZE_MS.tiff","data/spot6/GEBZE/OUT.tiff"
"1553000963","True","0.043375802040100095","1024","1024","ihs","None","None","14.717661813790128","14.949627796134934","15.926903289112158","0.20663849580181348","0.20663849580181348","0.20663849580181348","6.7289197381750006","1.6822299345437501","data/spot6/GEBZE/S6_GEBZE_MS.tiff","data/spot6/GEBZE/OUT.tiff"
"1553000964","False","0.04440910816192627","1024","1024","ihs","None","None","14.717661813790128","14.949627796134934","15.926903289112158","0.20663849580181348","0.20663849580181348","0.20663849580181348","6.7289197381750006","1.6822299345437501","data/spot6/GEBZE/S6_GEBZE_MS.tiff","data/spot6/GEBZE/OUT.tiff"
"1553000965","True","0.043478751182556154","1024","1024","ihs","None","None","14.717661813790128","14.949627796134934","15.926903289112158","0.20663849580181348","0.20663849580181348","0.20663849580181348","6.7289197381750006","1.6822299345437501","data/spot6/GEBZE/S6_GEBZE_MS.tiff","data/spot6/GEBZE/OUT.tiff"
"1553000971","False","0.552648949623108","1024","1024","ihs_fft","ideal_lpf","0.125","13.263706053716577","13.239940722352488","13.782076952600715","0.18877213580779711","0.18574384599475466","0.18173093376648863","6.030709202969123","1.5076773007422808","data/spot6/GEBZE/S6_GEBZE_MS.tiff","data/spot6/GEBZE/OUT.tiff"
"1553000976","True","0.4085207462310791","1024","1024","ihs_fft","ideal_lpf","0.125","13.263706053716577","13.239940722352488","13.782076952600715","0.18877213580779711","0.18574384599475466","0.18173093376648863","6.030709202969123","1.5076773007422808","data/spot6/GEBZE/S6_GEBZE_MS.tiff","data/spot6/GEBZE/OUT.tiff"
"1553000982","False","0.5561885356903076","1024","1024","ihs_fft","hamming","0.125","13.263706053716577","13.239940722352488","13.782076952600715","0.18877213580779711","0.18574384599475466","0.18173093376648863","6.030709202969123","1.5076773007422808","data/spot6/GEBZE/S6_GEBZE_MS.tiff","data/spot6/GEBZE/OUT.tiff"
"1553000987","True","0.4301445722579956","1024","1024","ihs_fft","hamming","0.125","14.015429798787968","13.892896174152117","14.332372884013646","0.19832160952664116","0.19398440194113573","0.18875642278798285","6.297838198857603","1.5744595497144007","data/spot6/GEBZE/S6_GEBZE_MS.tiff","data/spot6/GEBZE/OUT.tiff"
"1553000994","False","0.5661787986755371","1024","1024","ihs_fft","hanning","0.125","13.263706053716577","13.239940722352488","13.782076952600715","0.18877213580779711","0.18574384599475466","0.18173093376648863","6.030709202969123","1.5076773007422808","data/spot6/GEBZE/S6_GEBZE_MS.tiff","data/spot6/GEBZE/OUT.tiff"
"1553000999","True","0.4297445058822632","1024","1024","ihs_fft","hanning","0.125","14.136821130999685","13.998922119968071","14.42480829929054","0.199978862473853","0.1954177778450067","0.18998069043282792","6.344304385170124","1.586076096292531","data/spot6/GEBZE/S6_GEBZE_MS.tiff","data/spot6/GEBZE/OUT.tiff"
"1553001005","False","0.5519010066986084","1024","1024","ihs_fft","lbtw","0.125","13.263706053716577","13.239940722352488","13.782076952600715","0.18877213580779711","0.18574384599475466","0.18173093376648863","6.030709202969123","1.5076773007422808","data/spot6/GEBZE/S6_GEBZE_MS.tiff","data/spot6/GEBZE/OUT.tiff"
"1553001010","True","0.41709036827087403","1024","1024","ihs_fft","lbtw","0.125","11.74604164159096","11.759092694622414","12.281777602535465","0.1662967112497641","0.16414708299841424","0.16124722573138367","5.331893296477743","1.3329733241194357","data/spot6/GEBZE/S6_GEBZE_MS.tiff","data/spot6/GEBZE/OUT.tiff"
"1553001016","False","0.5483906030654907","1024","1024","ihs_fft","gauss_low","0.125","13.263706053716577","13.239940722352488","13.782076952600715","0.18877213580779711","0.18574384599475466","0.18173093376648863","6.030709202969123","1.5076773007422808","data/spot6/GEBZE/S6_GEBZE_MS.tiff","data/spot6/GEBZE/OUT.tiff"
"1553001021","True","0.42380120754241946","1024","1024","ihs_fft","gauss_low","0.125","12.120983436307036","12.156544217634114","12.717872267905301","0.17196991449558074","0.17003101162057432","0.16722435246769177","5.522489170823438","1.3806222927058596","data/spot6/GEBZE/S6_GEBZE_MS.tiff","data/spot6/GEBZE/OUT.tiff"
"1553001028","False","0.6665483713150024","1024","1024","lab","None","None","16.196303491676886","17.19489903652179","16.87114954623548","0.8073655169408248","0.7947090930663498","0.7437236667671477","25.406356720933687","6.351589180233422","data/spot6/GEBZE/S6_GEBZE_MS.tiff","data/spot6/GEBZE/OUT.tiff"
"1553001034","True","0.5237682580947876","1024","1024","lab","None","None","16.196303491676886","17.19489903652179","16.87114954623548","0.8073655169408248","0.7947090930663498","0.7437236667671477","25.406356720933687","6.351589180233422","data/spot6/GEBZE/S6_GEBZE_MS.tiff","data/spot6/GEBZE/OUT.tiff"
"1553001041","False","0.6658717870712281","1024","1024","lab","None","None","16.196303491676886","17.19489903652179","16.87114954623548","0.8073655169408248","0.7947090930663498","0.7437236667671477","25.406356720933687","6.351589180233422","data/spot6/GEBZE/S6_GEBZE_MS.tiff","data/spot6/GEBZE/OUT.tiff"
"1553001047","True","0.5239089965820313","1024","1024","lab","None","None","16.196303491676886","17.19489903652179","16.87114954623548","0.8073655169408248","0.7947090930663498","0.7437236667671477","25.406356720933687","6.351589180233422","data/spot6/GEBZE/S6_GEBZE_MS.tiff","data/spot6/GEBZE/OUT.tiff"
"1553001054","False","0.6650478124618531","1024","1024","lab","None","None","16.196303491676886","17.19489903652179","16.87114954623548","0.8073655169408248","0.7947090930663498","0.7437236667671477","25.406356720933687","6.351589180233422","data/spot6/GEBZE/S6_GEBZE_MS.tiff","data/spot6/GEBZE/OUT.tiff"
"1553001060","True","0.5262566566467285","1024","1024","lab","None","None","16.196303491676886","17.19489903652179","16.87114954623548","0.8073655169408248","0.7947090930663498","0.7437236667671477","25.406356720933687","6.351589180233422","data/spot6/GEBZE/S6_GEBZE_MS.tiff","data/spot6/GEBZE/OUT.tiff"
"1553001067","False","0.6672696113586426","1024","1024","lab","None","None","16.196303491676886","17.19489903652179","16.87114954623548","0.8073655169408248","0.7947090930663498","0.7437236667671477","25.406356720933687","6.351589180233422","data/spot6/GEBZE/S6_GEBZE_MS.tiff","data/spot6/GEBZE/OUT.tiff"
"1553001073","True","0.5305127620697021","1024","1024","lab","None","None","16.196303491676886","17.19489903652179","16.87114954623548","0.8073655169408248","0.7947090930663498","0.7437236667671477","25.406356720933687","6.351589180233422","data/spot6/GEBZE/S6_GEBZE_MS.tiff","data/spot6/GEBZE/OUT.tiff"
"1553001080","False","0.663949704170227","1024","1024","lab","None","None","16.196303491676886","17.19489903652179","16.87114954623548","0.8073655169408248","0.7947090930663498","0.7437236667671477","25.406356720933687","6.351589180233422","data/spot6/GEBZE/S6_GEBZE_MS.tiff","data/spot6/GEBZE/OUT.tiff"
"1553001086","True","0.5246791124343873","1024","1024","lab","None","None","16.196303491676886","17.19489903652179","16.87114954623548","0.8073655169408248","0.7947090930663498","0.7437236667671477","25.406356720933687","6.351589180233422","data/spot6/GEBZE/S6_GEBZE_MS.tiff","data/spot6/GEBZE/OUT.tiff"
"1553001097","False","0.9600589036941528","1024","1024","lab_fft","ideal_lpf","0.125","14.614535741566842","15.571084099196131","15.267268962002438","0.8073573084574261","0.794702444252882","0.7437177357882606","25.40613275115402","6.351533187788505","data/spot6/GEBZE/S6_GEBZE_MS.tiff","data/spot6/GEBZE/OUT.tiff"
"1553001105","True","0.7852545976638794","1024","1024","lab_fft","ideal_lpf","0.125","14.614535741566842","15.571084099196131","15.267268962002438","0.8073573084574261","0.794702444252882","0.7437177357882606","25.40613275115402","6.351533187788505","data/spot6/GEBZE/S6_GEBZE_MS.tiff","data/spot6/GEBZE/OUT.tiff"
"1553001115","False","0.976653003692627","1024","1024","lab_fft","hamming","0.125","14.614535741566842","15.571084099196131","15.267268962002438","0.8073573084574261","0.794702444252882","0.7437177357882606","25.40613275115402","6.351533187788505","data/spot6/GEBZE/S6_GEBZE_MS.tiff","data/spot6/GEBZE/OUT.tiff"
"1553001124","True","0.8099815607070923","1024","1024","lab_fft","hamming","0.125","15.351048843267389","16.2898587124369","15.994093117141478","0.8073584640731688","0.794703246544585","0.7437183176173","25.406159918693934","6.3515399796734835","data/spot6/GEBZE/S6_GEBZE_MS.tiff","data/spot6/GEBZE/OUT.tiff"
"1553001134","False","0.9722209930419922","1024","1024","lab_fft","hanning","0.125","14.614535741566842","15.571084099196131","15.267268962002438","0.8073573084574261","0.794702444252882","0.7437177357882606","25.40613275115402","6.351533187788505","data/spot6/GEBZE/S6_GEBZE_MS.tiff","data/spot6/GEBZE/OUT.tiff"
"1553001143","True","0.8129296064376831","1024","1024","lab_fft","hanning","0.125","15.460434117501379","16.400467744168587","16.10459943503221","0.8073585310103493","0.7947032839766005","0.7437183357339258","25.406161214878605","6.351540303719651","data/spot6/GEBZE/S6_GEBZE_MS.tiff","data/spot6/GEBZE/OUT.tiff"
"1553001154","False","0.9707737445831299","1024","1024","lab_fft","lbtw","0.125","14.614535741566842","15.571084099196131","15.267268962002438","0.8073573084574261","0.794702444252882","0.7437177357882606","25.40613275115402","6.351533187788505","data/spot6/GEBZE/S6_GEBZE_MS.tiff","data/spot6/GEBZE/OUT.tiff"
"1553001162","True","0.785739803314209","1024","1024","lab_fft","lbtw","0.125","13.00703375643778","13.849469983324994","13.567902991962299","0.8073584204652418","0.794703485388261","0.7437187692347405","25.406167263502894","6.3515418158757235","data/spot6/GEBZE/S6_GEBZE_MS.tiff","data/spot6/GEBZE/OUT.tiff"
"1553001172","False","0.9753386974334717","1024","1024","lab_fft","gauss_low","0.125","14.614535741566842","15.571084099196131","15.267268962002438","0.8073573084574261","0.794702444252882","0.7437177357882606","25.40613275115402","6.351533187788505","data/spot6/GEBZE/S6_GEBZE_MS.tiff","data/spot6/GEBZE/OUT.tiff"
"1553001181","True","0.8029700994491578","1024","1024","lab_fft","gauss_low","0.125","13.434668201986414","14.32326678921267","14.031794344925679","0.8073579495563055","0.7947030799197218","0.7437183963297963","25.406153777602185","6.351538444400546","data/spot6/GEBZE/S6_GEBZE_MS.tiff","data/spot6/GEBZE/OUT.tiff"
"1553001182","False","0.043205881118774415","1024","1024","brovey","None","None","15.007137378395164","15.313846734417858","15.281602454225998","0.21057322358906455","0.21163046834948043","0.19847874148895195","6.7260053424927815","1.6815013356231954","data/spot6/GEBZE/S6_GEBZE_MS.tiff","data/spot6/GEBZE/OUT.tiff"
"1553001183","True","0.03939850330352783","1024","1024","brovey","None","None","15.007137378395164","15.313846734417858","15.281602454225998","0.21057322358906455","0.21163046834948043","0.19847874148895195","6.7260053424927815","1.6815013356231954","data/spot6/GEBZE/S6_GEBZE_MS.tiff","data/spot6/GEBZE/OUT.tiff"
"1553001184","False","0.042746233940124514","1024","1024","brovey","None","None","15.007137378395164","15.313846734417858","15.281602454225998","0.21057322358906455","0.21163046834948043","0.19847874148895195","6.7260053424927815","1.6815013356231954","data/spot6/GEBZE/S6_GEBZE_MS.tiff","data/spot6/GEBZE/OUT.tiff"
"1553001185","True","0.03859374523162842","1024","1024","brovey","None","None","15.007137378395164","15.313846734417858","15.281602454225998","0.21057322358906455","0.21163046834948043","0.19847874148895195","6.7260053424927815","1.6815013356231954","data/spot6/GEBZE/S6_GEBZE_MS.tiff","data/spot6/GEBZE/OUT.tiff"
"1553001186","False","0.04197506904602051","1024","1024","brovey","None","None","15.007137378395164","15.313846734417858","15.281602454225998","0.21057322358906455","0.21163046834948043","0.19847874148895195","6.7260053424927815","1.6815013356231954","data/spot6/GEBZE/S6_GEBZE_MS.tiff","data/spot6/GEBZE/OUT.tiff"
"1553001187","True","0.038666272163391115","1024","1024","brovey","None","None","15.007137378395164","15.313846734417858","15.281602454225998","0.21057322358906455","0.21163046834948043","0.19847874148895195","6.7260053424927815","1.6815013356231954","data/spot6/GEBZE/S6_GEBZE_MS.tiff","data/spot6/GEBZE/OUT.tiff"
"1553001188","False","0.042792868614196775","1024","1024","brovey","None","None","15.007137378395164","15.313846734417858","15.281602454225998","0.21057322358906455","0.21163046834948043","0.19847874148895195","6.7260053424927815","1.6815013356231954","data/spot6/GEBZE/S6_GEBZE_MS.tiff","data/spot6/GEBZE/OUT.tiff"
"1553001189","True","0.03860197067260742","1024","1024","brovey","None","None","15.007137378395164","15.313846734417858","15.281602454225998","0.21057322358906455","0.21163046834948043","0.19847874148895195","6.7260053424927815","1.6815013356231954","data/spot6/GEBZE/S6_GEBZE_MS.tiff","data/spot6/GEBZE/OUT.tiff"
"1553001190","False","0.04312088489532471","1024","1024","brovey","None","None","15.007137378395164","15.313846734417858","15.281602454225998","0.21057322358906455","0.21163046834948043","0.19847874148895195","6.7260053424927815","1.6815013356231954","data/spot6/GEBZE/S6_GEBZE_MS.tiff","data/spot6/GEBZE/OUT.tiff"
"1553001191","True","0.03856770992279053","1024","1024","brovey","None","None","15.007137378395164","15.313846734417858","15.281602454225998","0.21057322358906455","0.21163046834948043","0.19847874148895195","6.7260053424927815","1.6815013356231954","data/spot6/GEBZE/S6_GEBZE_MS.tiff","data/spot6/GEBZE/OUT.tiff"
"1553001197","False","0.565744948387146","1024","1024","hfm","ideal_lpf","0.125","17.107365267454703","17.51360787413367","18.113418718688347","0.26479901670064615","0.27334286349496223","0.292286380691177","9.052870411602763","2.2632176029006907","data/spot6/GEBZE/S6_GEBZE_MS.tiff","data/spot6/GEBZE/OUT.tiff"
"1553001202","True","0.3900076627731323","1024","1024","hfm","ideal_lpf","0.125","17.107365267454703","17.51360787413367","18.113418718688347","0.26479901670064615","0.27334286349496223","0.292286380691177","9.052870411602763","2.2632176029006907","data/spot6/GEBZE/S6_GEBZE_MS.tiff","data/spot6/GEBZE/OUT.tiff"
"1553001208","False","0.5716248035430909","1024","1024","hfm","hamming","0.125","17.107365267454703","17.51360787413367","18.113418718688347","0.26479901670064615","0.27334286349496223","0.292286380691177","9.052870411602763","2.2632176029006907","data/spot6/GEBZE/S6_GEBZE_MS.tiff","data/spot6/GEBZE/OUT.tiff"
"1553001213","True","0.42648193836212156","1024","1024","hfm","hamming","0.125","19.49489261225896","20.03144713091378","20.72740464911899","0.3259316540469499","0.33822656654706756","0.35753944358122736","11.13365444520235","2.7834136113005874","data/spot6/GEBZE/S6_GEBZE_MS.tiff","data/spot6/GEBZE/OUT.tiff"
"1553001219","False","0.5683647871017456","1024","1024","hfm","hanning","0.125","17.107365267454703","17.51360787413367","18.113418718688347","0.26479901670064615","0.27334286349496223","0.292286380691177","9.052870411602763","2.2632176029006907","data/spot6/GEBZE/S6_GEBZE_MS.tiff","data/spot6/GEBZE/OUT.tiff"
"1553001224","True","0.4186392307281494","1024","1024","hfm","hanning","0.125","19.853501621017358","20.395272764773974","21.073689492148638","0.33521030571675103","0.3477797753025578","0.36643069108739185","11.433645056444082","2.8584112641110204","data/spot6/GEBZE/S6_GEBZE_MS.tiff","data/spot6/GEBZE/OUT.tiff"
"1553001230","False","0.5624922037124633","1024","1024","hfm","lbtw","0.125","17.107365267454703","17.51360787413367","18.113418718688347","0.26479901670064615","0.27334286349496223","0.292286380691177","9.052870411602763","2.2632176029006907","data/spot6/GEBZE/S6_GEBZE_MS.tiff","data/spot6/GEBZE/OUT.tiff"
"1553001235","True","0.39131951332092285","1024","1024","hfm","lbtw","0.125","15.691536824799488","16.180194049162388","17.09027957909017","0.24260796460596837","0.25253998601468974","0.2769533669533951","8.433104616987276","2.108276154246819","data/spot6/GEBZE/S6_GEBZE_MS.tiff","data/spot6/GEBZE/OUT.tiff"
"1553001241","False","0.5818418025970459","1024","1024","hfm","gauss_low","0.125","17.107365267454703","17.51360787413367","18.113418718688347","0.26479901670064615","0.27334286349496223","0.292286380691177","9.052870411602763","2.2632176029006907","data/spot6/GEBZE/S6_GEBZE_MS.tiff","data/spot6/GEBZE/OUT.tiff"
"1553001246","True","0.4049247980117798","1024","1024","hfm","gauss_low","0.125","15.823670860801943","16.27801028731489","17.102098349847925","0.24269358580573813","0.2518812606218684","0.2747728664974009","8.399016291646921","2.0997540729117303","data/spot6/GEBZE/S6_GEBZE_MS.tiff","data/spot6/GEBZE/OUT.tiff"
"1553001254","False","0.7268124341964721","1024","1024","fft","ideal_lpf","0.125","14.38766679552457","6.035829406413081","4.284190117356663","0.06982875008314657","0.03762188813146022","0.02894017759768683","1.5425640158124139","0.38564100395310347","data/spot6/IST_ORMAN/S6_IST_ORMAN_MS.tiff","data/spot6/IST_ORMAN/OUT.tiff"
"1553001260","True","0.5018400430679322","1024","1024","fft","ideal_lpf","0.125","14.38766679552457","6.035829406413081","4.284190117356663","0.06982875008314657","0.03762188813146022","0.02894017759768683","1.5425640158124139","0.38564100395310347","data/spot6/IST_ORMAN/S6_IST_ORMAN_MS.tiff","data/spot6/IST_ORMAN/OUT.tiff"
"1553001268","False","0.7286938667297364","1024","1024","fft","hamming","0.125","14.38766679552457","6.035829406413081","4.284190117356663","0.06982875008314657","0.03762188813146022","0.02894017759768683","1.5425640158124139","0.38564100395310347","data/spot6/IST_ORMAN/S6_IST_ORMAN_MS.tiff","data/spot6/IST_ORMAN/OUT.tiff"
"1553001274","True","0.5305880784988404","1024","1024","fft","hamming","0.125","14.930128125908555","6.234719507573781","4.426340801759505","0.07210355261125256","0.038827167425866504","0.02988746868972255","1.5926756930320227","0.3981689232580057","data/spot6/IST_ORMAN/S6_IST_ORMAN_MS.tiff","data/spot6/IST_ORMAN/OUT.tiff"
"1553001282","False","0.7159668207168579","1024","1024","fft","hanning","0.125","14.38766679552457","6.035829406413081","4.284190117356663","0.06982875008314657","0.03762188813146022","0.02894017759768683","1.5425640158124139","0.38564100395310347","data/spot6/IST_ORMAN/S6_IST_ORMAN_MS.tiff","data/spot6/IST_ORMAN/OUT.tiff"
"1553001288","True","0.521694564819336","1024","1024","fft","hanning","0.125","15.017070582217862","6.269066524967231","4.451105225193427","0.0725030735067499","0.03903908631225751","0.030053955042925434","1.601479620744055","0.40036990518601373","data/spot6/IST_ORMAN/S6_IST_ORMAN_MS.tiff","data/spot6/IST_ORMAN/OUT.tiff"
"1553001296","False","0.7424499034881592","1024","1024","fft","lbtw","0.125","14.38766679552457","6.035829406413081","4.284190117356663","0.06982875008314657","0.03762188813146022","0.02894017759768683","1.5425640158124139","0.38564100395310347","data/spot6/IST_ORMAN/S6_IST_ORMAN_MS.tiff","data/spot6/IST_ORMAN/OUT.tiff"
"1553001302","True","0.5120896577835083","1024","1024","fft","lbtw","0.125","12.974441185247962","5.418331797286429","3.8495279732253564","0.06266579694487409","0.03374456564349414","0.025992710293010375","1.384330674439591","0.3460826686098977","data/spot6/IST_ORMAN/S6_IST_ORMAN_MS.tiff","data/spot6/IST_ORMAN/OUT.tiff"
"1553001309","False","0.7218731880187989","1024","1024","fft","gauss_low","0.125","14.38766679552457","6.035829406413081","4.284190117356663","0.06982875008314657","0.03762188813146022","0.02894017759768683","1.5425640158124139","0.38564100395310347","data/spot6/IST_ORMAN/S6_IST_ORMAN_MS.tiff","data/spot6/IST_ORMAN/OUT.tiff"
"1553001316","True","0.5322676658630371","1024","1024","fft","gauss_low","0.125","13.419181576252427","5.61533423970837","3.989734162692174","0.06496046809625149","0.034985403093589724","0.026944792534741274","1.435067963235491","0.35876699080887275","data/spot6/IST_ORMAN/S6_IST_ORMAN_MS.tiff","data/spot6/IST_ORMAN/OUT.tiff"
"1553001317","False","0.04484179019927979","1024","1024","ihs","None","None","10.577880745929631","8.105201687848597","7.46478615314571","0.050419758865650345","0.05041975886565035","0.050419758865650345","1.641855305366199","0.41046382634154976","data/spot6/IST_ORMAN/S6_IST_ORMAN_MS.tiff","data/spot6/IST_ORMAN/OUT.tiff"
"1553001318","True","0.042991924285888675","1024","1024","ihs","None","None","10.577880745929631","8.105201687848597","7.46478615314571","0.050419758865650345","0.05041975886565035","0.050419758865650345","1.641855305366199","0.41046382634154976","data/spot6/IST_ORMAN/S6_IST_ORMAN_MS.tiff","data/spot6/IST_ORMAN/OUT.tiff"
"1553001319","False","0.04553568363189697","1024","1024","ihs","None","None","10.577880745929631","8.105201687848597","7.46478615314571","0.050419758865650345","0.05041975886565035","0.050419758865650345","1.641855305366199","0.41046382634154976","data/spot6/IST_ORMAN/S6_IST_ORMAN_MS.tiff","data/spot6/IST_ORMAN/OUT.tiff"
"1553001320","True","0.042957639694213866","1024","1024","ihs","None","None","10.577880745929631","8.105201687848597","7.46478615314571","0.050419758865650345","0.05041975886565035","0.050419758865650345","1.641855305366199","0.41046382634154976","data/spot6/IST_ORMAN/S6_IST_ORMAN_MS.tiff","data/spot6/IST_ORMAN/OUT.tiff"
"1553001321","False","0.044567990303039554","1024","1024","ihs","None","None","10.577880745929631","8.105201687848597","7.46478615314571","0.050419758865650345","0.05041975886565035","0.050419758865650345","1.641855305366199","0.41046382634154976","data/spot6/IST_ORMAN/S6_IST_ORMAN_MS.tiff","data/spot6/IST_ORMAN/OUT.tiff"
"1553001322","True","0.04299209117889404","1024","1024","ihs","None","None","10.577880745929631","8.105201687848597","7.46478615314571","0.050419758865650345","0.05041975886565035","0.050419758865650345","1.641855305366199","0.41046382634154976","data/spot6/IST_ORMAN/S6_IST_ORMAN_MS.tiff","data/spot6/IST_ORMAN/OUT.tiff"
"1553001323","False","0.04480888843536377","1024","1024","ihs","None","None","10.577880745929631","8.105201687848597","7.46478615314571","0.050419758865650345","0.05041975886565035","0.050419758865650345","1.641855305366199","0.41046382634154976","data/spot6/IST_ORMAN/S6_IST_ORMAN_MS.tiff","data/spot6/IST_ORMAN/OUT.tiff"
"1553001324","True","0.04320693016052246","1024","1024","ihs","None","None","10.577880745929631","8.105201687848597","7.46478615314571","0.050419758865650345","0.05041975886565035","0.050419758865650345","1.641855305366199","0.41046382634154976","data/spot6/IST_ORMAN/S6_IST_ORMAN_MS.tiff","data/spot6/IST_ORMAN/OUT.tiff"
"1553001325","False","0.04393522739410401","1024","1024","ihs","None","None","10.577880745929631","8.105201687848597","7.46478615314571","0.050419758865650345","0.05041975886565035","0.050419758865650345","1.641855305366199","0.41046382634154976","data/spot6/IST_ORMAN/S6_IST_ORMAN_MS.tiff","data/spot6/IST_ORMAN/OUT.tiff"
"1553001326","True","0.04339313507080078","1024","1024","ihs","None","None","10.577880745929631","8.105201687848597","7.46478615314571","0.050419758865650345","0.05041975886565035","0.050419758865650345","1.641855305366199","0.41046382634154976","data/spot6/IST_ORMAN/S6_IST_ORMAN_MS.tiff","data/spot6/IST_ORMAN/OUT.tiff"
"1553001332","False","0.556278133392334","1024","1024","ihs_fft","ideal_lpf","0.125","10.369431046662028","7.097957257805586","6.437615564159499","0.049759009874480294","0.044313188883267754","0.04360076648716927","1.4903993315121493","0.37259983287803733","data/spot6/IST_ORMAN/S6_IST_ORMAN_MS.tiff","data/spot6/IST_ORMAN/OUT.tiff"
"1553001337","True","0.40529956817626955","1024","1024","ihs_fft","ideal_lpf","0.125","10.369431046662028","7.097957257805586","6.437615564159499","0.049759009874480294","0.044313188883267754","0.04360076648716927","1.4903993315121493","0.37259983287803733","data/spot6/IST_ORMAN/S6_IST_ORMAN_MS.tiff","data/spot6/IST_ORMAN/OUT.tiff"
"1553001343","False","0.5674756765365601","1024","1024","ihs_fft","hamming","0.125","10.369431046662028","7.097957257805586","6.437615564159499","0.049759009874480294","0.044313188883267754","0.04360076648716927","1.4903993315121493","0.37259983287803733","data/spot6/IST_ORMAN/S6_IST_ORMAN_MS.tiff","data/spot6/IST_ORMAN/OUT.tiff"
"1553001348","True","0.4302672863006592","1024","1024","ihs_fft","hamming","0.125","11.28346928683533","7.2706782056603645","6.579478357671823","0.053839573281958944","0.04536834241932679","0.044572210120912746","1.5565561428319439","0.38913903570798597","data/spot6/IST_ORMAN/S6_IST_ORMAN_MS.tiff","data/spot6/IST_ORMAN/OUT.tiff"
"1553001354","False","0.5544042825698853","1024","1024","ihs_fft","hanning","0.125","10.369431046662028","7.097957257805586","6.437615564159499","0.049759009874480294","0.044313188883267754","0.04360076648716927","1.4903993315121493","0.37259983287803733","data/spot6/IST_ORMAN/S6_IST_ORMAN_MS.tiff","data/spot6/IST_ORMAN/OUT.tiff"
"1553001360","True","0.4328958988189697","1024","1024","ihs_fft","hanning","0.125","11.433761225024602","7.300633266056185","6.6045171900657715","0.05454070230375435","0.04555433154343982","0.044743553571663035","1.568129428483249","0.39203235712081225","data/spot6/IST_ORMAN/S6_IST_ORMAN_MS.tiff","data/spot6/IST_ORMAN/OUT.tiff"
"1553001366","False","0.5653324842453002","1024","1024","ihs_fft","lbtw","0.125","10.369431046662028","7.097957257805586","6.437615564159499","0.049759009874480294","0.044313188883267754","0.04360076648716927","1.4903993315121493","0.37259983287803733","data/spot6/IST_ORMAN/S6_IST_ORMAN_MS.tiff","data/spot6/IST_ORMAN/OUT.tiff"
"1553001371","True","0.41320674419403075","1024","1024","ihs_fft","lbtw","0.125","9.175053591069641","6.401730156162332","5.827504670706693","0.04388046745186618","0.03992796040515965","0.039442857307797154","1.334619129192354","0.3336547822980885","data/spot6/IST_ORMAN/S6_IST_ORMAN_MS.tiff","data/spot6/IST_ORMAN/OUT.tiff"
"1553001377","False","0.5682065486907959","1024","1024","ihs_fft","gauss_low","0.125","10.369431046662028","7.097957257805586","6.437615564159499","0.049759009874480294","0.044313188883267754","0.04360076648716927","1.4903993315121493","0.37259983287803733","data/spot6/IST_ORMAN/S6_IST_ORMAN_MS.tiff","data/spot6/IST_ORMAN/OUT.tiff"
"1553001382","True","0.4202648878097534","1024","1024","ihs_fft","gauss_low","0.125","9.381267671081556","6.646426248784831","6.052500743931121","0.044933451219393426","0.04147217073047286","0.040975844712781206","1.3795940704727832","0.3448985176181958","data/spot6/IST_ORMAN/S6_IST_ORMAN_MS.tiff","data/spot6/IST_ORMAN/OUT.tiff"
"1553001389","False","0.6554187774658203","1024","1024","lab","None","None","13.167877789991515","10.095200521457235","9.343974600908286","0.27434718658384116","0.35626223142740643","0.3864818058310144","11.26418719588574","2.816046798971435","data/spot6/IST_ORMAN/S6_IST_ORMAN_MS.tiff","data/spot6/IST_ORMAN/OUT.tiff"
"1553001395","True","0.5189117670059205","1024","1024","lab","None","None","13.167877789991515","10.095200521457235","9.343974600908286","0.27434718658384116","0.35626223142740643","0.3864818058310144","11.26418719588574","2.816046798971435","data/spot6/IST_ORMAN/S6_IST_ORMAN_MS.tiff","data/spot6/IST_ORMAN/OUT.tiff"
"1553001402","False","0.655858325958252","1024","1024","lab","None","None","13.167877789991515","10.095200521457235","9.343974600908286","0.27434718658384116","0.35626223142740643","0.3864818058310144","11.26418719588574","2.816046798971435","data/spot6/IST_ORMAN/S6_IST_ORMAN_MS.tiff","data/spot6/IST_ORMAN/OUT.tiff"
"1553001408","True","0.5175887823104859","1024","1024","lab","None","None","13.167877789991515","10.095200521457235","9.343974600908286","0.27434718658384116","0.35626223142740643","0.3864818058310144","11.26418719588574","2.816046798971435","data/spot6/IST_ORMAN/S6_IST_ORMAN_MS.tiff","data/spot6/IST_ORMAN/OUT.tiff"
"1553001415","False","0.6598416566848755","1024","1024","lab","None","None","13.167877789991515","10.095200521457235","9.343974600908286","0.27434718658384116","0.35626223142740643","0.3864818058310144","11.26418719588574","2.816046798971435","data/spot6/IST_ORMAN/S6_IST_ORMAN_MS.tiff","data/spot6/IST_ORMAN/OUT.tiff"
"1553001421","True","0.5232707738876343","1024","1024","lab","None","None","13.167877789991515","10.095200521457235","9.343974600908286","0.27434718658384116","0.35626223142740643","0.3864818058310144","11.26418719588574","2.816046798971435","data/spot6/IST_ORMAN/S6_IST_ORMAN_MS.tiff","data/spot6/IST_ORMAN/OUT.tiff"
"1553001428","False","0.6551873683929443","1024","1024","lab","None","None","13.167877789991515","10.095200521457235","9.343974600908286","0.27434718658384116","0.35626223142740643","0.3864818058310144","11.26418719588574","2.816046798971435","data/spot6/IST_ORMAN/S6_IST_ORMAN_MS.tiff","data/spot6/IST_ORMAN/OUT.tiff"
"1553001434","True","0.5173113584518433","1024","1024","lab","None","None","13.167877789991515","10.095200521457235","9.343974600908286","0.27434718658384116","0.35626223142740643","0.3864818058310144","11.26418719588574","2.816046798971435","data/spot6/IST_ORMAN/S6_IST_ORMAN_MS.tiff","data/spot6/IST_ORMAN/OUT.tiff"
"1553001441","False","0.6537254571914672","1024","1024","lab","None","None","13.167877789991515","10.095200521457235","9.343974600908286","0.27434718658384116","0.35626223142740643","0.3864818058310144","11.26418719588574","2.816046798971435","data/spot6/IST_ORMAN/S6_IST_ORMAN_MS.tiff","data/spot6/IST_ORMAN/OUT.tiff"
"1553001447","True","0.518303632736206","1024","1024","lab","None","None","13.167877789991515","10.095200521457235","9.343974600908286","0.27434718658384116","0.35626223142740643","0.3864818058310144","11.26418719588574","2.816046798971435","data/spot6/IST_ORMAN/S6_IST_ORMAN_MS.tiff","data/spot6/IST_ORMAN/OUT.tiff"
"1553001457","False","0.9557056427001953","1024","1024","lab_fft","ideal_lpf","0.125","11.091541639867494","10.283911491763234","8.466710667782783","0.27434510584564253","0.35626130496382946","0.3864811741663661","11.26415228590168","2.81603807147542","data/spot6/IST_ORMAN/S6_IST_ORMAN_MS.tiff","data/spot6/IST_ORMAN/OUT.tiff"
"1553001465","True","0.7801861763000488","1024","1024","lab_fft","ideal_lpf","0.125","11.091541639867494","10.283911491763234","8.466710667782783","0.27434510584564253","0.35626130496382946","0.3864811741663661","11.26415228590168","2.81603807147542","data/spot6/IST_ORMAN/S6_IST_ORMAN_MS.tiff","data/spot6/IST_ORMAN/OUT.tiff"
"1553001476","False","0.965362286567688","1024","1024","lab_fft","hamming","0.125","11.091541639867494","10.283911491763234","8.466710667782783","0.27434510584564253","0.35626130496382946","0.3864811741663661","11.26415228590168","2.81603807147542","data/spot6/IST_ORMAN/S6_IST_ORMAN_MS.tiff","data/spot6/IST_ORMAN/OUT.tiff"
"1553001484","True","0.8023581981658936","1024","1024","lab_fft","hamming","0.125","11.680917636292754","10.319054547711918","8.724634922059026","0.2743455962090521","0.3562615223182807","0.3864813175488096","11.264160428590841","2.8160401071477104","data/spot6/IST_ORMAN/S6_IST_ORMAN_MS.tiff","data/spot6/IST_ORMAN/OUT.tiff"
"1553001494","False","0.9640473365783692","1024","1024","lab_fft","hanning","0.125","11.091541639867494","10.283911491763234","8.466710667782783","0.27434510584564253","0.35626130496382946","0.3864811741663661","11.26415228590168","2.81603807147542","data/spot6/IST_ORMAN/S6_IST_ORMAN_MS.tiff","data/spot6/IST_ORMAN/OUT.tiff"
"1553001503","True","0.8036667108535767","1024","1024","lab_fft","hanning","0.125","11.748289118835105","10.342813141497349","8.766086561333395","0.2743456352947414","0.3562615379599525","0.3864813265393967","11.264161026266036","2.816040256566509","data/spot6/IST_ORMAN/S6_IST_ORMAN_MS.tiff","data/spot6/IST_ORMAN/OUT.tiff"
"1553001513","False","0.96319580078125","1024","1024","lab_fft","lbtw","0.125","11.091541639867494","10.283911491763234","8.466710667782783","0.27434510584564253","0.35626130496382946","0.3864811741663661","11.26415228590168","2.81603807147542","data/spot6/IST_ORMAN/S6_IST_ORMAN_MS.tiff","data/spot6/IST_ORMAN/OUT.tiff"
"1553001522","True","0.7829935073852539","1024","1024","lab_fft","lbtw","0.125","10.242003535698696","9.21269156621364","7.569868936877443","0.2743453222247387","0.3562614609774822","0.3864813250589129","11.264157720496518","2.8160394301241296","data/spot6/IST_ORMAN/S6_IST_ORMAN_MS.tiff","data/spot6/IST_ORMAN/OUT.tiff"
"1553001532","False","0.9581960201263428","1024","1024","lab_fft","gauss_low","0.125","11.091541639867494","10.283911491763234","8.466710667782783","0.27434510584564253","0.35626130496382946","0.3864811741663661","11.26415228590168","2.81603807147542","data/spot6/IST_ORMAN/S6_IST_ORMAN_MS.tiff","data/spot6/IST_ORMAN/OUT.tiff"
"1553001541","True","0.8030596971511841","1024","1024","lab_fft","gauss_low","0.125","10.48829119869659","9.611952111250126","7.872840896510009","0.2743451896325059","0.3562613812405635","0.3864812563151962","11.26415488432137","2.8160387210803424","data/spot6/IST_ORMAN/S6_IST_ORMAN_MS.tiff","data/spot6/IST_ORMAN/OUT.tiff"
"1553001542","False","0.041924667358398435","1024","1024","brovey","None","None","9.37610719615614","8.386672844508967","8.12683555274597","0.04473610560406027","0.052266305220961776","0.05511399809173367","1.6683045729278305","0.41707614323195763","data/spot6/IST_ORMAN/S6_IST_ORMAN_MS.tiff","data/spot6/IST_ORMAN/OUT.tiff"
"1553001543","True","0.03889849185943604","1024","1024","brovey","None","None","9.37610719615614","8.386672844508967","8.12683555274597","0.04473610560406027","0.052266305220961776","0.05511399809173367","1.6683045729278305","0.41707614323195763","data/spot6/IST_ORMAN/S6_IST_ORMAN_MS.tiff","data/spot6/IST_ORMAN/OUT.tiff"
"1553001544","False","0.04224381446838379","1024","1024","brovey","None","None","9.37610719615614","8.386672844508967","8.12683555274597","0.04473610560406027","0.052266305220961776","0.05511399809173367","1.6683045729278305","0.41707614323195763","data/spot6/IST_ORMAN/S6_IST_ORMAN_MS.tiff","data/spot6/IST_ORMAN/OUT.tiff"
"1553001545","True","0.038905096054077146","1024","1024","brovey","None","None","9.37610719615614","8.386672844508967","8.12683555274597","0.04473610560406027","0.052266305220961776","0.05511399809173367","1.6683045729278305","0.41707614323195763","data/spot6/IST_ORMAN/S6_IST_ORMAN_MS.tiff","data/spot6/IST_ORMAN/OUT.tiff"
"1553001546","False","0.04222729206085205","1024","1024","brovey","None","None","9.37610719615614","8.386672844508967","8.12683555274597","0.04473610560406027","0.052266305220961776","0.05511399809173367","1.6683045729278305","0.41707614323195763","data/spot6/IST_ORMAN/S6_IST_ORMAN_MS.tiff","data/spot6/IST_ORMAN/OUT.tiff"
"1553001547","True","0.03899202346801758","1024","1024","brovey","None","None","9.37610719615614","8.386672844508967","8.12683555274597","0.04473610560406027","0.052266305220961776","0.05511399809173367","1.6683045729278305","0.41707614323195763","data/spot6/IST_ORMAN/S6_IST_ORMAN_MS.tiff","data/spot6/IST_ORMAN/OUT.tiff"
"1553001548","False","0.042397928237915036","1024","1024","brovey","None","None","9.37610719615614","8.386672844508967","8.12683555274597","0.04473610560406027","0.052266305220961776","0.05511399809173367","1.6683045729278305","0.41707614323195763","data/spot6/IST_ORMAN/S6_IST_ORMAN_MS.tiff","data/spot6/IST_ORMAN/OUT.tiff"
"1553001549","True","0.03951258659362793","1024","1024","brovey","None","None","9.37610719615614","8.386672844508967","8.12683555274597","0.04473610560406027","0.052266305220961776","0.05511399809173367","1.6683045729278305","0.41707614323195763","data/spot6/IST_ORMAN/S6_IST_ORMAN_MS.tiff","data/spot6/IST_ORMAN/OUT.tiff"
"1553001550","False","0.042815661430358885","1024","1024","brovey","None","None","9.37610719615614","8.386672844508967","8.12683555274597","0.04473610560406027","0.052266305220961776","0.05511399809173367","1.6683045729278305","0.41707614323195763","data/spot6/IST_ORMAN/S6_IST_ORMAN_MS.tiff","data/spot6/IST_ORMAN/OUT.tiff"
"1553001551","True","0.03916676044464111","1024","1024","brovey","None","None","9.37610719615614","8.386672844508967","8.12683555274597","0.04473610560406027","0.052266305220961776","0.05511399809173367","1.6683045729278305","0.41707614323195763","data/spot6/IST_ORMAN/S6_IST_ORMAN_MS.tiff","data/spot6/IST_ORMAN/OUT.tiff"
"1553001557","False","0.5639821767807007","1024","1024","hfm","ideal_lpf","0.125","11.84006612637801","12.02682512271828","12.54309121987529","0.12230752739515209","0.07731004036748972","0.08444482439192592","3.1075623386004927","0.7768905846501232","data/spot6/IST_ORMAN/S6_IST_ORMAN_MS.tiff","data/spot6/IST_ORMAN/OUT.tiff"
"1553001562","True","0.4004905939102173","1024","1024","hfm","ideal_lpf","0.125","11.84006612637801","12.02682512271828","12.54309121987529","0.12230752739515209","0.07731004036748972","0.08444482439192592","3.1075623386004927","0.7768905846501232","data/spot6/IST_ORMAN/S6_IST_ORMAN_MS.tiff","data/spot6/IST_ORMAN/OUT.tiff"
"1553001568","False","0.581824517250061","1024","1024","hfm","hamming","0.125","11.84006612637801","12.02682512271828","12.54309121987529","0.12230752739515209","0.07731004036748972","0.08444482439192592","3.1075623386004927","0.7768905846501232","data/spot6/IST_ORMAN/S6_IST_ORMAN_MS.tiff","data/spot6/IST_ORMAN/OUT.tiff"
"1553001573","True","0.42087109088897706","1024","1024","hfm","hamming","0.125","12.715704202021213","13.17307220969827","13.422605242573681","0.13445784647354855","0.08570181343924195","0.08986675364215897","3.3913540647177642","0.8478385161794411","data/spot6/IST_ORMAN/S6_IST_ORMAN_MS.tiff","data/spot6/IST_ORMAN/OUT.tiff"
"1553001579","False","0.5657467126846314","1024","1024","hfm","hanning","0.125","11.84006612637801","12.02682512271828","12.54309121987529","0.12230752739515209","0.07731004036748972","0.08444482439192592","3.1075623386004927","0.7768905846501232","data/spot6/IST_ORMAN/S6_IST_ORMAN_MS.tiff","data/spot6/IST_ORMAN/OUT.tiff"
"1553001584","True","0.42317559719085696","1024","1024","hfm","hanning","0.125","12.928649196183958","13.298342122672361","13.512089711686706","0.13647327754076874","0.08663331259366497","0.09043010830466296","3.4309625137543445","0.8577406284385861","data/spot6/IST_ORMAN/S6_IST_ORMAN_MS.tiff","data/spot6/IST_ORMAN/OUT.tiff"
"1553001591","False","0.5829817295074463","1024","1024","hfm","lbtw","0.125","11.84006612637801","12.02682512271828","12.54309121987529","0.12230752739515209","0.07731004036748972","0.08444482439192592","3.1075623386004927","0.7768905846501232","data/spot6/IST_ORMAN/S6_IST_ORMAN_MS.tiff","data/spot6/IST_ORMAN/OUT.tiff"
"1553001595","True","0.4035511493682861","1024","1024","hfm","lbtw","0.125","9.944627310730812","11.580723833774316","12.280548764072842","0.11449025091212714","0.07434155605988449","0.08282307457184053","2.966878105855164","0.741719526463791","data/spot6/IST_ORMAN/S6_IST_ORMAN_MS.tiff","data/spot6/IST_ORMAN/OUT.tiff"
"1553001602","False","0.5683890819549561","1024","1024","hfm","gauss_low","0.125","11.84006612637801","12.02682512271828","12.54309121987529","0.12230752739515209","0.07731004036748972","0.08444482439192592","3.1075623386004927","0.7768905846501232","data/spot6/IST_ORMAN/S6_IST_ORMAN_MS.tiff","data/spot6/IST_ORMAN/OUT.tiff"
"1553001606","True","0.4190199375152588","1024","1024","hfm","gauss_low","0.125","10.526291305713459","11.652816039531796","12.309784952848085","0.11589740419326093","0.07476164446317884","0.08301674633597789","2.990040043572896","0.747510010893224","data/spot6/IST_ORMAN/S6_IST_ORMAN_MS.tiff","data/spot6/IST_ORMAN/OUT.tiff"
"1553001615","False","0.7470173835754395","1024","1024","fft","ideal_lpf","0.125","7.080390954288969","5.561431831283828","4.019965320748197","0.0930667091817633","0.06154317891910327","0.03989063446115965","2.1708756227450445","0.5427189056862611","data/spot6/URFA/S6_URFA_MS.tiff","data/spot6/URFA/OUT.tiff"
"1553001620","True","0.5044539451599122","1024","1024","fft","ideal_lpf","0.125","7.080390954288969","5.561431831283828","4.019965320748197","0.0930667091817633","0.06154317891910327","0.03989063446115965","2.1708756227450445","0.5427189056862611","data/spot6/URFA/S6_URFA_MS.tiff","data/spot6/URFA/OUT.tiff"
"1553001628","False","0.7266699790954589","1024","1024","fft","hamming","0.125","7.080390954288969","5.561431831283828","4.019965320748197","0.0930667091817633","0.06154317891910327","0.03989063446115965","2.1708756227450445","0.5427189056862611","data/spot6/URFA/S6_URFA_MS.tiff","data/spot6/URFA/OUT.tiff"
"1553001634","True","0.5276423215866088","1024","1024","fft","hamming","0.125","7.371835959105042","5.7899765824952825","4.194152046904278","0.09684573198948906","0.06405208463121248","0.04161153722060466","2.2598514099381335","0.5649628524845334","data/spot6/URFA/S6_URFA_MS.tiff","data/spot6/URFA/OUT.tiff"
"1553001642","False","0.7463763952255249","1024","1024","fft","hanning","0.125","7.080390954288969","5.561431831283828","4.019965320748197","0.0930667091817633","0.06154317891910327","0.03989063446115965","2.1708756227450445","0.5427189056862611","data/spot6/URFA/S6_URFA_MS.tiff","data/spot6/URFA/OUT.tiff"
"1553001648","True","0.5233428716659546","1024","1024","fft","hanning","0.125","7.422102676419187","5.829577605430441","4.224430028170741","0.0975055425744987","0.06449002443099312","0.04191185373385439","2.275384389409111","0.5688460973522778","data/spot6/URFA/S6_URFA_MS.tiff","data/spot6/URFA/OUT.tiff"
"1553001656","False","0.7255223751068115","1024","1024","fft","lbtw","0.125","7.080390954288969","5.561431831283828","4.019965320748197","0.0930667091817633","0.06154317891910327","0.03989063446115965","2.1708756227450445","0.5427189056862611","data/spot6/URFA/S6_URFA_MS.tiff","data/spot6/URFA/OUT.tiff"
"1553001662","True","0.5029931783676147","1024","1024","fft","lbtw","0.125","6.272393248400442","4.919042724426676","3.5507384942084497","0.08233975203042529","0.05439298053445761","0.03522038477343296","1.9195761694600708","0.4798940423650177","data/spot6/URFA/S6_URFA_MS.tiff","data/spot6/URFA/OUT.tiff"
"1553001670","False","0.7265855550765992","1024","1024","fft","gauss_low","0.125","7.080390954288969","5.561431831283828","4.019965320748197","0.0930667091817633","0.06154317891910327","0.03989063446115965","2.1708756227450445","0.5427189056862611","data/spot6/URFA/S6_URFA_MS.tiff","data/spot6/URFA/OUT.tiff"
"1553001676","True","0.5249533414840698","1024","1024","fft","gauss_low","0.125","6.496271290147915","5.095437117534829","3.676142977706129","0.08531643850191648","0.056358530954739604","0.03646946554321314","1.9887895256631605","0.4971973814157901","data/spot6/URFA/S6_URFA_MS.tiff","data/spot6/URFA/OUT.tiff"
"1553001677","False","0.04440581798553467","1024","1024","ihs","None","None","5.533074699648487","6.555461770655646","7.291100033333011","0.07234382567251622","0.07234382567251622","0.07234382567251622","2.3557846499704027","0.5889461624926007","data/spot6/URFA/S6_URFA_MS.tiff","data/spot6/URFA/OUT.tiff"
"1553001678","True","0.0430938720703125","1024","1024","ihs","None","None","5.533074699648487","6.555461770655646","7.291100033333011","0.07234382567251622","0.07234382567251622","0.07234382567251622","2.3557846499704027","0.5889461624926007","data/spot6/URFA/S6_URFA_MS.tiff","data/spot6/URFA/OUT.tiff"
"1553001679","False","0.045441389083862305","1024","1024","ihs","None","None","5.533074699648487","6.555461770655646","7.291100033333011","0.07234382567251622","0.07234382567251622","0.07234382567251622","2.3557846499704027","0.5889461624926007","data/spot6/URFA/S6_URFA_MS.tiff","data/spot6/URFA/OUT.tiff"
"1553001680","True","0.04326298236846924","1024","1024","ihs","None","None","5.533074699648487","6.555461770655646","7.291100033333011","0.07234382567251622","0.07234382567251622","0.07234382567251622","2.3557846499704027","0.5889461624926007","data/spot6/URFA/S6_URFA_MS.tiff","data/spot6/URFA/OUT.tiff"
"1553001681","False","0.0437105655670166","1024","1024","ihs","None","None","5.533074699648487","6.555461770655646","7.291100033333011","0.07234382567251622","0.07234382567251622","0.07234382567251622","2.3557846499704027","0.5889461624926007","data/spot6/URFA/S6_URFA_MS.tiff","data/spot6/URFA/OUT.tiff"
"1553001682","True","0.04298830032348633","1024","1024","ihs","None","None","5.533074699648487","6.555461770655646","7.291100033333011","0.07234382567251622","0.07234382567251622","0.07234382567251622","2.3557846499704027","0.5889461624926007","data/spot6/URFA/S6_URFA_MS.tiff","data/spot6/URFA/OUT.tiff"
"1553001683","False","0.043633532524108884","1024","1024","ihs","None","None","5.533074699648487","6.555461770655646","7.291100033333011","0.07234382567251622","0.07234382567251622","0.07234382567251622","2.3557846499704027","0.5889461624926007","data/spot6/URFA/S6_URFA_MS.tiff","data/spot6/URFA/OUT.tiff"
"1553001684","True","0.042958641052246095","1024","1024","ihs","None","None","5.533074699648487","6.555461770655646","7.291100033333011","0.07234382567251622","0.07234382567251622","0.07234382567251622","2.3557846499704027","0.5889461624926007","data/spot6/URFA/S6_URFA_MS.tiff","data/spot6/URFA/OUT.tiff"
"1553001685","False","0.0436436653137207","1024","1024","ihs","None","None","5.533074699648487","6.555461770655646","7.291100033333011","0.07234382567251622","0.07234382567251622","0.07234382567251622","2.3557846499704027","0.5889461624926007","data/spot6/URFA/S6_URFA_MS.tiff","data/spot6/URFA/OUT.tiff"
"1553001686","True","0.04285461902618408","1024","1024","ihs","None","None","5.533074699648487","6.555461770655646","7.291100033333011","0.07234382567251622","0.07234382567251622","0.07234382567251622","2.3557846499704027","0.5889461624926007","data/spot6/URFA/S6_URFA_MS.tiff","data/spot6/URFA/OUT.tiff"
"1553001692","False","0.5482234716415405","1024","1024","ihs_fft","ideal_lpf","0.125","5.152277832728026","5.81412390364248","6.409777120048477","0.06752244346552447","0.06436248531678056","0.06379586891085012","2.120694813016497","0.5301737032541243","data/spot6/URFA/S6_URFA_MS.tiff","data/spot6/URFA/OUT.tiff"
"1553001697","True","0.41203153133392334","1024","1024","ihs_fft","ideal_lpf","0.125","5.152277832728026","5.81412390364248","6.409777120048477","0.06752244346552447","0.06436248531678056","0.06379586891085012","2.120694813016497","0.5301737032541243","data/spot6/URFA/S6_URFA_MS.tiff","data/spot6/URFA/OUT.tiff"
"1553001704","False","0.5624016046524047","1024","1024","ihs_fft","hamming","0.125","5.152277832728026","5.81412390364248","6.409777120048477","0.06752244346552447","0.06436248531678056","0.06379586891085012","2.120694813016497","0.5301737032541243","data/spot6/URFA/S6_URFA_MS.tiff","data/spot6/URFA/OUT.tiff"
"1553001709","True","0.42975354194641113","1024","1024","ihs_fft","hamming","0.125","5.544779322793259","6.046397969716032","6.736747514541672","0.07251987804671664","0.06693046712690646","0.06718625238331133","2.238860541145209","0.5597151352863022","data/spot6/URFA/S6_URFA_MS.tiff","data/spot6/URFA/OUT.tiff"
"1553001715","False","0.5555372714996338","1024","1024","ihs_fft","hanning","0.125","5.152277832728026","5.81412390364248","6.409777120048477","0.06752244346552447","0.06436248531678056","0.06379586891085012","2.120694813016497","0.5301737032541243","data/spot6/URFA/S6_URFA_MS.tiff","data/spot6/URFA/OUT.tiff"
"1553001720","True","0.4264891862869263","1024","1024","ihs_fft","hanning","0.125","5.611183276850477","6.086772429932349","6.794341347926652","0.07338103467369496","0.06737885859298602","0.06777585036757845","2.2593835896603474","0.5648458974150868","data/spot6/URFA/S6_URFA_MS.tiff","data/spot6/URFA/OUT.tiff"
"1553001726","False","0.5592610120773316","1024","1024","ihs_fft","lbtw","0.125","5.152277832728026","5.81412390364248","6.409777120048477","0.06752244346552447","0.06436248531678056","0.06379586891085012","2.120694813016497","0.5301737032541243","data/spot6/URFA/S6_URFA_MS.tiff","data/spot6/URFA/OUT.tiff"
"1553001731","True","0.40942351818084716","1024","1024","ihs_fft","lbtw","0.125","4.543760019197953","5.14568627407823","5.691548146864035","0.059467345798375315","0.056921126570326136","0.05663327709957371","1.8755035538513734","0.46887588846284334","data/spot6/URFA/S6_URFA_MS.tiff","data/spot6/URFA/OUT.tiff"
"1553001737","False","0.5648451805114746","1024","1024","ihs_fft","gauss_low","0.125","5.152277832728026","5.81412390364248","6.409777120048477","0.06752244346552447","0.06436248531678056","0.06379586891085012","2.120694813016497","0.5301737032541243","data/spot6/URFA/S6_URFA_MS.tiff","data/spot6/URFA/OUT.tiff"
"1553001742","True","0.41867828369140625","1024","1024","ihs_fft","gauss_low","0.125","4.671233504045145","5.331271457520421","5.880027870295169","0.061167626001268065","0.058988104125860336","0.058503326564742976","1.9367661962359517","0.4841915490589879","data/spot6/URFA/S6_URFA_MS.tiff","data/spot6/URFA/OUT.tiff"
"1553001749","False","0.656927490234375","1024","1024","lab","None","None","8.02159757445495","8.304454610464747","8.572755639128331","0.7498314107289447","0.6323603769730912","0.5677226281569132","21.107038842231933","5.276759710557983","data/spot6/URFA/S6_URFA_MS.tiff","data/spot6/URFA/OUT.tiff"
"1553001755","True","0.5234243869781494","1024","1024","lab","None","None","8.02159757445495","8.304454610464747","8.572755639128331","0.7498314107289447","0.6323603769730912","0.5677226281569132","21.107038842231933","5.276759710557983","data/spot6/URFA/S6_URFA_MS.tiff","data/spot6/URFA/OUT.tiff"
"1553001762","False","0.6613202095031738","1024","1024","lab","None","None","8.02159757445495","8.304454610464747","8.572755639128331","0.7498314107289447","0.6323603769730912","0.5677226281569132","21.107038842231933","5.276759710557983","data/spot6/URFA/S6_URFA_MS.tiff","data/spot6/URFA/OUT.tiff"
"1553001768","True","0.5195743560791015","1024","1024","lab","None","None","8.02159757445495","8.304454610464747","8.572755639128331","0.7498314107289447","0.6323603769730912","0.5677226281569132","21.107038842231933","5.276759710557983","data/spot6/URFA/S6_URFA_MS.tiff","data/spot6/URFA/OUT.tiff"
"1553001775","False","0.6570580244064331","1024","1024","lab","None","None","8.02159757445495","8.304454610464747","8.572755639128331","0.7498314107289447","0.6323603769730912","0.5677226281569132","21.107038842231933","5.276759710557983","data/spot6/URFA/S6_URFA_MS.tiff","data/spot6/URFA/OUT.tiff"
"1553001781","True","0.522802186012268","1024","1024","lab","None","None","8.02159757445495","8.304454610464747","8.572755639128331","0.7498314107289447","0.6323603769730912","0.5677226281569132","21.107038842231933","5.276759710557983","data/spot6/URFA/S6_URFA_MS.tiff","data/spot6/URFA/OUT.tiff"
"1553001788","False","0.6572582244873046","1024","1024","lab","None","None","8.02159757445495","8.304454610464747","8.572755639128331","0.7498314107289447","0.6323603769730912","0.5677226281569132","21.107038842231933","5.276759710557983","data/spot6/URFA/S6_URFA_MS.tiff","data/spot6/URFA/OUT.tiff"
"1553001794","True","0.5212913274765014","1024","1024","lab","None","None","8.02159757445495","8.304454610464747","8.572755639128331","0.7498314107289447","0.6323603769730912","0.5677226281569132","21.107038842231933","5.276759710557983","data/spot6/URFA/S6_URFA_MS.tiff","data/spot6/URFA/OUT.tiff"
"1553001801","False","0.6579396486282348","1024","1024","lab","None","None","8.02159757445495","8.304454610464747","8.572755639128331","0.7498314107289447","0.6323603769730912","0.5677226281569132","21.107038842231933","5.276759710557983","data/spot6/URFA/S6_URFA_MS.tiff","data/spot6/URFA/OUT.tiff"
"1553001807","True","0.5202751636505127","1024","1024","lab","None","None","8.02159757445495","8.304454610464747","8.572755639128331","0.7498314107289447","0.6323603769730912","0.5677226281569132","21.107038842231933","5.276759710557983","data/spot6/URFA/S6_URFA_MS.tiff","data/spot6/URFA/OUT.tiff"
"1553001817","False","0.9571248769760132","1024","1024","lab_fft","ideal_lpf","0.125","7.042927338501732","7.691805947524889","7.555242396684909","0.7498297620793338","0.6323593287075459","0.5677219532968512","21.10700205525471","5.276750513813678","data/spot6/URFA/S6_URFA_MS.tiff","data/spot6/URFA/OUT.tiff"
"1553001826","True","0.7737096071243286","1024","1024","lab_fft","ideal_lpf","0.125","7.042927338501732","7.691805947524889","7.555242396684909","0.7498297620793338","0.6323593287075459","0.5677219532968512","21.10700205525471","5.276750513813678","data/spot6/URFA/S6_URFA_MS.tiff","data/spot6/URFA/OUT.tiff"
"1553001836","False","0.9699552297592163","1024","1024","lab_fft","hamming","0.125","7.042927338501732","7.691805947524889","7.555242396684909","0.7498297620793338","0.6323593287075459","0.5677219532968512","21.10700205525471","5.276750513813678","data/spot6/URFA/S6_URFA_MS.tiff","data/spot6/URFA/OUT.tiff"
"1553001845","True","0.8084591388702392","1024","1024","lab_fft","hamming","0.125","7.351118945137534","7.979772979503457","7.887046012218627","0.749829838062071","0.6323593623857799","0.5677219640333939","21.107003382937997","5.276750845734499","data/spot6/URFA/S6_URFA_MS.tiff","data/spot6/URFA/OUT.tiff"
"1553001855","False","0.9695985078811645","1024","1024","lab_fft","hanning","0.125","7.042927338501732","7.691805947524889","7.555242396684909","0.7498297620793338","0.6323593287075459","0.5677219532968512","21.10700205525471","5.276750513813678","data/spot6/URFA/S6_URFA_MS.tiff","data/spot6/URFA/OUT.tiff"
"1553001864","True","0.8027661561965942","1024","1024","lab_fft","hanning","0.125","7.396675559809438","8.025130503946162","7.937214777210735","0.7498298391961055","0.6323593602279373","0.5677219599806013","21.107003330523487","5.276750832630872","data/spot6/URFA/S6_URFA_MS.tiff","data/spot6/URFA/OUT.tiff"
"1553001874","False","0.9651157140731812","1024","1024","lab_fft","lbtw","0.125","7.042927338501732","7.691805947524889","7.555242396684909","0.7498297620793338","0.6323593287075459","0.5677219532968512","21.10700205525471","5.276750513813678","data/spot6/URFA/S6_URFA_MS.tiff","data/spot6/URFA/OUT.tiff"
"1553001882","True","0.779306149482727","1024","1024","lab_fft","lbtw","0.125","6.291306978751135","6.865842655245636","6.7065895414954735","0.7498299546220257","0.6323594980910345","0.5677221132577254","21.10700769782941","5.276751924457352","data/spot6/URFA/S6_URFA_MS.tiff","data/spot6/URFA/OUT.tiff"
"1553001893","False","0.9765534400939941","1024","1024","lab_fft","gauss_low","0.125","7.042927338501732","7.691805947524889","7.555242396684909","0.7498297620793338","0.6323593287075459","0.5677219532968512","21.10700205525471","5.276750513813678","data/spot6/URFA/S6_URFA_MS.tiff","data/spot6/URFA/OUT.tiff"
"1553001901","True","0.7983777046203613","1024","1024","lab_fft","gauss_low","0.125","6.513270545542593","7.116009461393512","6.959311545211723","0.7498298870971221","0.6323594417534986","0.5677220624445362","21.107005806733248","5.276751451683312","data/spot6/URFA/S6_URFA_MS.tiff","data/spot6/URFA/OUT.tiff"
"1553001902","False","0.043177032470703126","1024","1024","brovey","None","None","6.341030099710955","6.439922646134095","6.399898885769424","0.08287174225566063","0.07107783621717415","0.06355240809219523","2.353787017731893","0.5884467544329732","data/spot6/URFA/S6_URFA_MS.tiff","data/spot6/URFA/OUT.tiff"
"1553001903","True","0.03864607810974121","1024","1024","brovey","None","None","6.341030099710955","6.439922646134095","6.399898885769424","0.08287174225566063","0.07107783621717415","0.06355240809219523","2.353787017731893","0.5884467544329732","data/spot6/URFA/S6_URFA_MS.tiff","data/spot6/URFA/OUT.tiff"
"1553001904","False","0.042461609840393065","1024","1024","brovey","None","None","6.341030099710955","6.439922646134095","6.399898885769424","0.08287174225566063","0.07107783621717415","0.06355240809219523","2.353787017731893","0.5884467544329732","data/spot6/URFA/S6_URFA_MS.tiff","data/spot6/URFA/OUT.tiff"
"1553001905","True","0.038458847999572755","1024","1024","brovey","None","None","6.341030099710955","6.439922646134095","6.399898885769424","0.08287174225566063","0.07107783621717415","0.06355240809219523","2.353787017731893","0.5884467544329732","data/spot6/URFA/S6_URFA_MS.tiff","data/spot6/URFA/OUT.tiff"
"1553001906","False","0.042016124725341795","1024","1024","brovey","None","None","6.341030099710955","6.439922646134095","6.399898885769424","0.08287174225566063","0.07107783621717415","0.06355240809219523","2.353787017731893","0.5884467544329732","data/spot6/URFA/S6_URFA_MS.tiff","data/spot6/URFA/OUT.tiff"
"1553001907","True","0.039116191864013675","1024","1024","brovey","None","None","6.341030099710955","6.439922646134095","6.399898885769424","0.08287174225566063","0.07107783621717415","0.06355240809219523","2.353787017731893","0.5884467544329732","data/spot6/URFA/S6_URFA_MS.tiff","data/spot6/URFA/OUT.tiff"
"1553001908","False","0.04298553466796875","1024","1024","brovey","None","None","6.341030099710955","6.439922646134095","6.399898885769424","0.08287174225566063","0.07107783621717415","0.06355240809219523","2.353787017731893","0.5884467544329732","data/spot6/URFA/S6_URFA_MS.tiff","data/spot6/URFA/OUT.tiff"
"1553001909","True","0.03874115943908692","1024","1024","brovey","None","None","6.341030099710955","6.439922646134095","6.399898885769424","0.08287174225566063","0.07107783621717415","0.06355240809219523","2.353787017731893","0.5884467544329732","data/spot6/URFA/S6_URFA_MS.tiff","data/spot6/URFA/OUT.tiff"
"1553001910","False","0.041789126396179196","1024","1024","brovey","None","None","6.341030099710955","6.439922646134095","6.399898885769424","0.08287174225566063","0.07107783621717415","0.06355240809219523","2.353787017731893","0.5884467544329732","data/spot6/URFA/S6_URFA_MS.tiff","data/spot6/URFA/OUT.tiff"
"1553001911","True","0.03916888236999512","1024","1024","brovey","None","None","6.341030099710955","6.439922646134095","6.399898885769424","0.08287174225566063","0.07107783621717415","0.06355240809219523","2.353787017731893","0.5884467544329732","data/spot6/URFA/S6_URFA_MS.tiff","data/spot6/URFA/OUT.tiff"
"1553001918","False","0.5661910772323608","1024","1024","hfm","ideal_lpf","0.125","6.905907984500357","7.145409342829357","8.868270264153669","0.09918620096568709","0.10810602372130887","0.16404572815423932","4.2143153144356535","1.0535788286089134","data/spot6/URFA/S6_URFA_MS.tiff","data/spot6/URFA/OUT.tiff"
"1553001922","True","0.40133655071258545","1024","1024","hfm","ideal_lpf","0.125","6.905907984500357","7.145409342829357","8.868270264153669","0.09918620096568709","0.10810602372130887","0.16404572815423932","4.2143153144356535","1.0535788286089134","data/spot6/URFA/S6_URFA_MS.tiff","data/spot6/URFA/OUT.tiff"
"1553001929","False","0.565702486038208","1024","1024","hfm","hamming","0.125","6.905907984500357","7.145409342829357","8.868270264153669","0.09918620096568709","0.10810602372130887","0.16404572815423932","4.2143153144356535","1.0535788286089134","data/spot6/URFA/S6_URFA_MS.tiff","data/spot6/URFA/OUT.tiff"
"1553001933","True","0.43103771209716796","1024","1024","hfm","hamming","0.125","7.832872101486784","8.427098707864562","9.950848702866008","0.10627318194064399","0.1258223383148761","0.1769761651562307","4.626089894095901","1.1565224735239752","data/spot6/URFA/S6_URFA_MS.tiff","data/spot6/URFA/OUT.tiff"
"1553001940","False","0.5612853527069092","1024","1024","hfm","hanning","0.125","6.905907984500357","7.145409342829357","8.868270264153669","0.09918620096568709","0.10810602372130887","0.16404572815423932","4.2143153144356535","1.0535788286089134","data/spot6/URFA/S6_URFA_MS.tiff","data/spot6/URFA/OUT.tiff"
"1553001945","True","0.4245818376541138","1024","1024","hfm","hanning","0.125","8.018087934824079","8.59189036883458","10.067493476763095","0.10811623855028818","0.1280870472696009","0.17841104617947254","4.682687700576799","1.1706719251441997","data/spot6/URFA/S6_URFA_MS.tiff","data/spot6/URFA/OUT.tiff"
"1553001951","False","0.5729668140411377","1024","1024","hfm","lbtw","0.125","6.905907984500357","7.145409342829357","8.868270264153669","0.09918620096568709","0.10810602372130887","0.16404572815423932","4.2143153144356535","1.0535788286089134","data/spot6/URFA/S6_URFA_MS.tiff","data/spot6/URFA/OUT.tiff"
"1553001956","True","0.39965128898620605","1024","1024","hfm","lbtw","0.125","5.845203334651561","6.655977588645853","8.738706897242695","0.08783972310447541","0.10382278107308394","0.1634837482577686","4.085760257978629","1.0214400644946573","data/spot6/URFA/S6_URFA_MS.tiff","data/spot6/URFA/OUT.tiff"
"1553001962","False","0.5653868913650513","1024","1024","hfm","gauss_low","0.125","6.905907984500357","7.145409342829357","8.868270264153669","0.09918620096568709","0.10810602372130887","0.16404572815423932","4.2143153144356535","1.0535788286089134","data/spot6/URFA/S6_URFA_MS.tiff","data/spot6/URFA/OUT.tiff"
"1553001967","True","0.411432147026062","1024","1024","hfm","gauss_low","0.125","6.014063879204665","6.65313720325481","8.671672646049146","0.09014862825141465","0.10314173120594958","0.16241927313130536","4.079161301433646","1.0197903253584115","data/spot6/URFA/S6_URFA_MS.tiff","data/spot6/URFA/OUT.tiff"
"1553425933","False","0.05240302085876465","1024","1024","brovey","None","None","15.007137378395164","15.313846734417858","15.281602454225998","0.21057322358906455","0.21163046834948043","0.19847874148895195","6.7260053424927815","1.6815013356231954","data/spot6/GEBZE/S6_GEBZE_MS.tiff","data/spot6/GEBZE/out.tiff"
"1553425988","False","0.6795560836791992","1024","1024","lab","None","None","16.196303491676886","17.19489903652179","16.87114954623548","0.8073655169408248","0.7947090930663498","0.7437236667671477","25.406356720933687","6.351589180233422","data/spot6/GEBZE/S6_GEBZE_MS.tiff","data/spot6/GEBZE/out.tiff"
"1553425997","False","0.047723793983459474","1024","1024","ihs","None","None","14.717661813790128","14.949627796134934","15.926903289112158","0.20663849580181348","0.20663849580181348","0.20663849580181348","6.7289197381750006","1.6822299345437501","data/spot6/GEBZE/S6_GEBZE_MS.tiff","data/spot6/GEBZE/out.tiff"
"1553426226","False","0.9882343292236329","1024","1024","lab_fft","ideal_lpf","0.125","14.614535741566842","15.571084099196131","15.267268962002438","0.8073573084574261","0.794702444252882","0.7437177357882606","25.40613275115402","6.351533187788505","data/spot6/GEBZE/S6_GEBZE_MS.tiff","data/spot6/GEBZE/out.tiff"
"1553426394","False","0.9861777305603028","1024","1024","lab_fft","ideal_lpf","0.125","14.614535741566842","15.571084099196131","15.267268962002438","0.8073573084574261","0.794702444252882","0.7437177357882606","25.40613275115402","6.351533187788505","data/spot6/GEBZE/S6_GEBZE_MS.tiff","data/spot6/GEBZE/out.tiff"
"1553427084","False","0.985308313369751","1024","1024","lab_fft","ideal_lpf","0.125","14.614535741566842","15.571084099196131","15.267268962002438","0.8073573084574261","0.794702444252882","0.7437177357882606","25.40613275115402","6.351533187788505","data/spot6/GEBZE/S6_GEBZE_MS.tiff","data/spot6/GEBZE/out.tiff"
"1553427136","False","0.9857133150100708","1024","1024","lab_fft","ideal_lpf","0.125","14.614535741566842","15.571084099196131","15.267268962002438","0.8073573084574261","0.794702444252882","0.7437177357882606","25.40613275115402","6.351533187788505","data/spot6/GEBZE/S6_GEBZE_MS.tiff","data/spot6/GEBZE/out.tiff"
"1553428120","False","0.9822664260864258","1024","1024","lab_fft","ideal_lpf","0.125","14.614535741566842","15.571084099196131","15.267268962002438","0.24153149345346514","0.21380058364690105","0.2097338470481054","7.199187720256531","1.7997969300641328","data/spot6/GEBZE/S6_GEBZE_MS.tiff","data/spot6/GEBZE/out.tiff"
"1553431297","True","0.8808780908584595","1024","1024","lab_fft","ideal_lpf","0.125","14.614535741566842","15.571084099196131","15.267268962002438","0.24153149345346514","0.21380058364690105","0.2097338470481054","7.199187720256531","1.7997969300641328","data/spot6/GEBZE/S6_GEBZE_MS.tiff","data/spot6/GEBZE/"
"1553431312","True","0.8511829614639282","1024","1024","lab_fft","ideal_lpf","0.125","14.614535741566842","15.571084099196131","15.267268962002438","0.24153149345346514","0.21380058364690105","0.2097338470481054","7.199187720256531","1.7997969300641328","data/spot6/GEBZE/S6_GEBZE_MS.tiff","data/spot6/GEBZE/"
"1553431629","True","0.8197672128677368","1024","1024","lab_fft","ideal_lpf","0.125","14.614535741566842","15.571084099196131","15.267268962002438","0.24153149345346514","0.21380058364690105","0.2097338470481054","7.199187720256531","1.7997969300641328","data/spot6/GEBZE/S6_GEBZE_MS.tiff","data/spot6/GEBZE/"
"1553431656","True","0.8382325887680053","1024","1024","lab_fft","ideal_lpf","0.25","12.353527369678163","13.217535232958909","12.92200700808921","0.20707070250702192","0.18424639371463106","0.1761007852729139","6.139995892151733","1.5349989730379332","data/spot6/GEBZE/S6_GEBZE_MS.tiff","data/spot6/GEBZE/"
