"1554838198","False","0.7445946931838989","1024","1024","fft","ideal_lpf","0.125","14.27163820902158","13.791190950915993","12.386395535427605","0.20381507056428488","0.1938368573905962","0.1625887738856319","6.062173380006389","1.5155433450015972","data/spot6/GEBZE/S6_GEBZE_MS.tiff","data/spot6/GEBZE/"
"1554838204","True","0.5006834745407105","1024","1024","fft","ideal_lpf","0.125","14.27163820902158","13.791190950915993","12.386395535427605","0.20381507056428488","0.1938368573905962","0.1625887738856319","6.062173380006389","1.5155433450015972","data/spot6/GEBZE/S6_GEBZE_MS.tiff","data/spot6/GEBZE/"
"1554838212","False","0.7286324501037598","1024","1024","fft","hamming","0.125","14.27163820902158","13.791190950915993","12.386395535427605","0.20381507056428488","0.1938368573905962","0.1625887738856319","6.062173380006389","1.5155433450015972","data/spot6/GEBZE/S6_GEBZE_MS.tiff","data/spot6/GEBZE/"
"1554838219","True","0.5275641441345215","1024","1024","fft","hamming","0.125","14.968359236722636","14.418111028241158","12.964139358309827","0.21278789708033055","0.20183510330248544","0.1696376655076882","6.321929772477477","1.5804824431193691","data/spot6/GEBZE/S6_GEBZE_MS.tiff","data/spot6/GEBZE/"
"1554838227","False","0.741605257987976","1024","1024","fft","hanning","0.125","14.27163820902158","13.791190950915993","12.386395535427605","0.20381507056428488","0.1938368573905962","0.1625887738856319","6.062173380006389","1.5155433450015972","data/spot6/GEBZE/S6_GEBZE_MS.tiff","data/spot6/GEBZE/"
"1554838233","True","0.530040192604065","1024","1024","fft","hanning","0.125","15.081147755884949","14.520252147543932","13.0596877949425","0.2143461419534585","0.2032274019685575","0.1708649936989589","6.367111050517432","1.591777762629358","data/spot6/GEBZE/S6_GEBZE_MS.tiff","data/spot6/GEBZE/"
"1554838241","False","0.7268230199813843","1024","1024","fft","lbtw","0.125","14.27163820902158","13.791190950915993","12.386395535427605","0.20381507056428488","0.1938368573905962","0.1625887738856319","6.062173380006389","1.5155433450015972","data/spot6/GEBZE/S6_GEBZE_MS.tiff","data/spot6/GEBZE/"
"1554838247","True","0.5034343481063843","1024","1024","fft","lbtw","0.125","12.666950543835657","12.260448478333982","11.018326606144864","0.17991629929122718","0.1714497262701253","0.14403020526850133","5.360479114392604","1.340119778598151","data/spot6/GEBZE/S6_GEBZE_MS.tiff","data/spot6/GEBZE/"
"1554838255","False","0.7248211860656738","1024","1024","fft","gauss_low","0.125","14.27163820902158","13.791190950915993","12.386395535427605","0.20381507056428488","0.1938368573905962","0.1625887738856319","6.062173380006389","1.5155433450015972","data/spot6/GEBZE/S6_GEBZE_MS.tiff","data/spot6/GEBZE/"
"1554838261","True","0.5175070285797119","1024","1024","fft","gauss_low","0.125","13.090527010651902","12.683541911820091","11.397891516382478","0.18632951570464634","0.17771509250469714","0.14922774125540894","5.553946841017257","1.3884867102543144","data/spot6/GEBZE/S6_GEBZE_MS.tiff","data/spot6/GEBZE/"
"1554838262","False","0.0454197883605957","1024","1024","ihs","NoFilter","NoCutoff","14.717661813790128","14.949627796134934","15.926903289112158","0.20663849580181348","0.20663849580181348","0.20663849580181348","6.7289197381750006","1.6822299345437501","data/spot6/GEBZE/S6_GEBZE_MS.tiff","data/spot6/GEBZE/"
"1554838263","True","0.04321563243865967","1024","1024","ihs","NoFilter","NoCutoff","14.717661813790128","14.949627796134934","15.926903289112158","0.20663849580181348","0.20663849580181348","0.20663849580181348","6.7289197381750006","1.6822299345437501","data/spot6/GEBZE/S6_GEBZE_MS.tiff","data/spot6/GEBZE/"
"1554838265","False","0.04524071216583252","1024","1024","ihs","NoFilter","NoCutoff","14.717661813790128","14.949627796134934","15.926903289112158","0.20663849580181348","0.20663849580181348","0.20663849580181348","6.7289197381750006","1.6822299345437501","data/spot6/GEBZE/S6_GEBZE_MS.tiff","data/spot6/GEBZE/"
"1554838266","True","0.04277746677398682","1024","1024","ihs","NoFilter","NoCutoff","14.717661813790128","14.949627796134934","15.926903289112158","0.20663849580181348","0.20663849580181348","0.20663849580181348","6.7289197381750006","1.6822299345437501","data/spot6/GEBZE/S6_GEBZE_MS.tiff","data/spot6/GEBZE/"
"1554838267","False","0.04487619400024414","1024","1024","ihs","NoFilter","NoCutoff","14.717661813790128","14.949627796134934","15.926903289112158","0.20663849580181348","0.20663849580181348","0.20663849580181348","6.7289197381750006","1.6822299345437501","data/spot6/GEBZE/S6_GEBZE_MS.tiff","data/spot6/GEBZE/"
"1554838268","True","0.043091320991516115","1024","1024","ihs","NoFilter","NoCutoff","14.717661813790128","14.949627796134934","15.926903289112158","0.20663849580181348","0.20663849580181348","0.20663849580181348","6.7289197381750006","1.6822299345437501","data/spot6/GEBZE/S6_GEBZE_MS.tiff","data/spot6/GEBZE/"
"1554838269","False","0.04533886909484863","1024","1024","ihs","NoFilter","NoCutoff","14.717661813790128","14.949627796134934","15.926903289112158","0.20663849580181348","0.20663849580181348","0.20663849580181348","6.7289197381750006","1.6822299345437501","data/spot6/GEBZE/S6_GEBZE_MS.tiff","data/spot6/GEBZE/"
"1554838271","True","0.042706298828125","1024","1024","ihs","NoFilter","NoCutoff","14.717661813790128","14.949627796134934","15.926903289112158","0.20663849580181348","0.20663849580181348","0.20663849580181348","6.7289197381750006","1.6822299345437501","data/spot6/GEBZE/S6_GEBZE_MS.tiff","data/spot6/GEBZE/"
"1554838272","False","0.045223236083984375","1024","1024","ihs","NoFilter","NoCutoff","14.717661813790128","14.949627796134934","15.926903289112158","0.20663849580181348","0.20663849580181348","0.20663849580181348","6.7289197381750006","1.6822299345437501","data/spot6/GEBZE/S6_GEBZE_MS.tiff","data/spot6/GEBZE/"
"1554838273","True","0.04284334182739258","1024","1024","ihs","NoFilter","NoCutoff","14.717661813790128","14.949627796134934","15.926903289112158","0.20663849580181348","0.20663849580181348","0.20663849580181348","6.7289197381750006","1.6822299345437501","data/spot6/GEBZE/S6_GEBZE_MS.tiff","data/spot6/GEBZE/"
"1554838277","False","0.33407020568847656","1024","1024","ihs_fft","ideal_lpf","0.125","12.952264454462354","13.148240573800997","14.005744825618716","0.18453199428041747","0.18453325114113256","0.18452792017114816","6.009014178558544","1.502253544639636","data/spot6/GEBZE/S6_GEBZE_MS.tiff","data/spot6/GEBZE/"
"1554838281","True","0.2963823080062866","1024","1024","ihs_fft","ideal_lpf","0.125","12.952264454462354","13.148240573800997","14.005744825618716","0.18453199428041747","0.18453325114113256","0.18452792017114816","6.009014178558544","1.502253544639636","data/spot6/GEBZE/S6_GEBZE_MS.tiff","data/spot6/GEBZE/"
"1554838285","False","0.33189284801483154","1024","1024","ihs_fft","hamming","0.125","12.952264454462354","13.148240573800997","14.005744825618716","0.18453199428041747","0.18453325114113256","0.18452792017114816","6.009014178558544","1.502253544639636","data/spot6/GEBZE/S6_GEBZE_MS.tiff","data/spot6/GEBZE/"
"1554838289","True","0.32124853134155273","1024","1024","ihs_fft","hamming","0.125","13.531279067960002","13.736063225188191","14.627092614482155","0.19204547171601385","0.1920454722136992","0.19204543857511341","6.253716080568153","1.5634290201420382","data/spot6/GEBZE/S6_GEBZE_MS.tiff","data/spot6/GEBZE/"
"1554838293","False","0.3347541570663452","1024","1024","ihs_fft","hanning","0.125","12.952264454462354","13.148240573800997","14.005744825618716","0.18453199428041747","0.18453325114113256","0.18452792017114816","6.009014178558544","1.502253544639636","data/spot6/GEBZE/S6_GEBZE_MS.tiff","data/spot6/GEBZE/"
"1554838297","True","0.30309598445892333","1024","1024","ihs_fft","hanning","0.125","13.6260112753946","13.832181990509083","14.728760352374612","0.1933537194481686","0.19335371999006976","0.19335369094604918","6.2963175598867975","1.5740793899716994","data/spot6/GEBZE/S6_GEBZE_MS.tiff","data/spot6/GEBZE/"
"1554838301","False","0.3339674472808838","1024","1024","ihs_fft","lbtw","0.125","12.952264454462354","13.148240573800997","14.005744825618716","0.18453199428041747","0.18453325114113256","0.18452792017114816","6.009014178558544","1.502253544639636","data/spot6/GEBZE/S6_GEBZE_MS.tiff","data/spot6/GEBZE/"
"1554838305","True","0.30010945796966554","1024","1024","ihs_fft","lbtw","0.125","11.507205259769625","11.683736779469374","12.453510716160306","0.16322224857052475","0.16322234039683503","0.16322217608556147","5.315124994882907","1.3287812487207267","data/spot6/GEBZE/S6_GEBZE_MS.tiff","data/spot6/GEBZE/"
"1554838309","False","0.3312737464904785","1024","1024","ihs_fft","gauss_low","0.125","12.952264454462354","13.148240573800997","14.005744825618716","0.18453199428041747","0.18453325114113256","0.18452792017114816","6.009014178558544","1.502253544639636","data/spot6/GEBZE/S6_GEBZE_MS.tiff","data/spot6/GEBZE/"
"1554838313","True","0.29774904251098633","1024","1024","ihs_fft","gauss_low","0.125","11.908092782895261","12.09026470450869","12.885116242736359","0.16920638587411266","0.16920756416572286","0.16920707077465766","5.510011586805655","1.3775028967014138","data/spot6/GEBZE/S6_GEBZE_MS.tiff","data/spot6/GEBZE/"
"1554838320","False","0.6760115623474121","1024","1024","lab","NoFilter","NoCutoff","16.196303491676886","17.19489903652179","16.87114954623548","0.24961610562742073","0.2368145986627806","0.22455118883515737","7.696877046467673","1.9242192616169183","data/spot6/GEBZE/S6_GEBZE_MS.tiff","data/spot6/GEBZE/"
"1554838326","True","0.5368014097213745","1024","1024","lab","NoFilter","NoCutoff","16.196303491676886","17.19489903652179","16.87114954623548","0.24961610562742073","0.2368145986627806","0.22455118883515737","7.696877046467673","1.9242192616169183","data/spot6/GEBZE/S6_GEBZE_MS.tiff","data/spot6/GEBZE/"
"1554838334","False","0.6786777973175049","1024","1024","lab","NoFilter","NoCutoff","16.196303491676886","17.19489903652179","16.87114954623548","0.24961610562742073","0.2368145986627806","0.22455118883515737","7.696877046467673","1.9242192616169183","data/spot6/GEBZE/S6_GEBZE_MS.tiff","data/spot6/GEBZE/"
"1554838340","True","0.5348409175872803","1024","1024","lab","NoFilter","NoCutoff","16.196303491676886","17.19489903652179","16.87114954623548","0.24961610562742073","0.2368145986627806","0.22455118883515737","7.696877046467673","1.9242192616169183","data/spot6/GEBZE/S6_GEBZE_MS.tiff","data/spot6/GEBZE/"
"1554838347","False","0.675498366355896","1024","1024","lab","NoFilter","NoCutoff","16.196303491676886","17.19489903652179","16.87114954623548","0.24961610562742073","0.2368145986627806","0.22455118883515737","7.696877046467673","1.9242192616169183","data/spot6/GEBZE/S6_GEBZE_MS.tiff","data/spot6/GEBZE/"
"1554838353","True","0.5367476463317871","1024","1024","lab","NoFilter","NoCutoff","16.196303491676886","17.19489903652179","16.87114954623548","0.24961610562742073","0.2368145986627806","0.22455118883515737","7.696877046467673","1.9242192616169183","data/spot6/GEBZE/S6_GEBZE_MS.tiff","data/spot6/GEBZE/"
"1554838361","False","0.6780738830566406","1024","1024","lab","NoFilter","NoCutoff","16.196303491676886","17.19489903652179","16.87114954623548","0.24961610562742073","0.2368145986627806","0.22455118883515737","7.696877046467673","1.9242192616169183","data/spot6/GEBZE/S6_GEBZE_MS.tiff","data/spot6/GEBZE/"
"1554838367","True","0.5330841541290283","1024","1024","lab","NoFilter","NoCutoff","16.196303491676886","17.19489903652179","16.87114954623548","0.24961610562742073","0.2368145986627806","0.22455118883515737","7.696877046467673","1.9242192616169183","data/spot6/GEBZE/S6_GEBZE_MS.tiff","data/spot6/GEBZE/"
"1554838374","False","0.6723040342330933","1024","1024","lab","NoFilter","NoCutoff","16.196303491676886","17.19489903652179","16.87114954623548","0.24961610562742073","0.2368145986627806","0.22455118883515737","7.696877046467673","1.9242192616169183","data/spot6/GEBZE/S6_GEBZE_MS.tiff","data/spot6/GEBZE/"
"1554838380","True","0.5324960470199585","1024","1024","lab","NoFilter","NoCutoff","16.196303491676886","17.19489903652179","16.87114954623548","0.24961610562742073","0.2368145986627806","0.22455118883515737","7.696877046467673","1.9242192616169183","data/spot6/GEBZE/S6_GEBZE_MS.tiff","data/spot6/GEBZE/"
"1554838391","False","0.968986964225769","1024","1024","lab_fft","ideal_lpf","0.125","14.614535741566842","15.571084099196131","15.267268962002438","0.24153149345346514","0.21380058364690105","0.2097338470481054","7.199187720256531","1.7997969300641328","data/spot6/GEBZE/S6_GEBZE_MS.tiff","data/spot6/GEBZE/"
"1554838400","True","0.8023070812225341","1024","1024","lab_fft","ideal_lpf","0.125","14.614535741566842","15.571084099196131","15.267268962002438","0.24153149345346514","0.21380058364690105","0.2097338470481054","7.199187720256531","1.7997969300641328","data/spot6/GEBZE/S6_GEBZE_MS.tiff","data/spot6/GEBZE/"
"1554838410","False","0.9556523084640502","1024","1024","lab_fft","hamming","0.125","14.614535741566842","15.571084099196131","15.267268962002438","0.24153149345346514","0.21380058364690105","0.2097338470481054","7.199187720256531","1.7997969300641328","data/spot6/GEBZE/S6_GEBZE_MS.tiff","data/spot6/GEBZE/"
"1554838419","True","0.830332899093628","1024","1024","lab_fft","hamming","0.125","15.351048843267389","16.2898587124369","15.994093117141478","0.250525670750644","0.22325813562223298","0.2192522088031094","7.502336381066188","1.875584095266547","data/spot6/GEBZE/S6_GEBZE_MS.tiff","data/spot6/GEBZE/"
"1554838429","False","0.9651285648345947","1024","1024","lab_fft","hanning","0.125","14.614535741566842","15.571084099196131","15.267268962002438","0.24153149345346514","0.21380058364690105","0.2097338470481054","7.199187720256531","1.7997969300641328","data/spot6/GEBZE/S6_GEBZE_MS.tiff","data/spot6/GEBZE/"
"1554838439","True","0.836321759223938","1024","1024","lab_fft","hanning","0.125","15.460434117501379","16.400467744168587","16.10459943503221","0.2521089611232207","0.22469401792488014","0.2208110139954705","7.551990486126941","1.8879976215317353","data/spot6/GEBZE/S6_GEBZE_MS.tiff","data/spot6/GEBZE/"
"1554838449","False","0.9546166896820069","1024","1024","lab_fft","lbtw","0.125","14.614535741566842","15.571084099196131","15.267268962002438","0.24153149345346514","0.21380058364690105","0.2097338470481054","7.199187720256531","1.7997969300641328","data/spot6/GEBZE/S6_GEBZE_MS.tiff","data/spot6/GEBZE/"
"1554838458","True","0.8039290428161621","1024","1024","lab_fft","lbtw","0.125","13.00703375643778","13.849469983324994","13.567902991962299","0.21420180619535006","0.19260572006058513","0.1842455464203641","6.396025961320554","1.5990064903301384","data/spot6/GEBZE/S6_GEBZE_MS.tiff","data/spot6/GEBZE/"
"1554838468","False","0.9631290674209595","1024","1024","lab_fft","gauss_low","0.125","14.614535741566842","15.571084099196131","15.267268962002438","0.24153149345346514","0.21380058364690105","0.2097338470481054","7.199187720256531","1.7997969300641328","data/spot6/GEBZE/S6_GEBZE_MS.tiff","data/spot6/GEBZE/"
"1554838477","True","0.8194554090499878","1024","1024","lab_fft","gauss_low","0.125","13.434668201986414","14.32326678921267","14.031794344925679","0.22179831645141934","0.19823478715161783","0.19126639512708488","6.615727464753614","1.6539318661884035","data/spot6/GEBZE/S6_GEBZE_MS.tiff","data/spot6/GEBZE/"
"1554838478","False","0.039849138259887694","1024","1024","brovey","NoFilter","NoCutoff","15.007137378395164","15.313846734417858","15.281602454225998","0.21057322358906455","0.21163046834948043","0.19847874148895195","6.7260053424927815","1.6815013356231954","data/spot6/GEBZE/S6_GEBZE_MS.tiff","data/spot6/GEBZE/"
"1554838479","True","0.039243674278259276","1024","1024","brovey","NoFilter","NoCutoff","15.007137378395164","15.313846734417858","15.281602454225998","0.21057322358906455","0.21163046834948043","0.19847874148895195","6.7260053424927815","1.6815013356231954","data/spot6/GEBZE/S6_GEBZE_MS.tiff","data/spot6/GEBZE/"
"1554838481","False","0.04000191688537598","1024","1024","brovey","NoFilter","NoCutoff","15.007137378395164","15.313846734417858","15.281602454225998","0.21057322358906455","0.21163046834948043","0.19847874148895195","6.7260053424927815","1.6815013356231954","data/spot6/GEBZE/S6_GEBZE_MS.tiff","data/spot6/GEBZE/"
"1554838482","True","0.039018797874450686","1024","1024","brovey","NoFilter","NoCutoff","15.007137378395164","15.313846734417858","15.281602454225998","0.21057322358906455","0.21163046834948043","0.19847874148895195","6.7260053424927815","1.6815013356231954","data/spot6/GEBZE/S6_GEBZE_MS.tiff","data/spot6/GEBZE/"
"1554838483","False","0.04054257869720459","1024","1024","brovey","NoFilter","NoCutoff","15.007137378395164","15.313846734417858","15.281602454225998","0.21057322358906455","0.21163046834948043","0.19847874148895195","6.7260053424927815","1.6815013356231954","data/spot6/GEBZE/S6_GEBZE_MS.tiff","data/spot6/GEBZE/"
"1554838484","True","0.03863050937652588","1024","1024","brovey","NoFilter","NoCutoff","15.007137378395164","15.313846734417858","15.281602454225998","0.21057322358906455","0.21163046834948043","0.19847874148895195","6.7260053424927815","1.6815013356231954","data/spot6/GEBZE/S6_GEBZE_MS.tiff","data/spot6/GEBZE/"
"1554838485","False","0.04004600048065186","1024","1024","brovey","NoFilter","NoCutoff","15.007137378395164","15.313846734417858","15.281602454225998","0.21057322358906455","0.21163046834948043","0.19847874148895195","6.7260053424927815","1.6815013356231954","data/spot6/GEBZE/S6_GEBZE_MS.tiff","data/spot6/GEBZE/"
"1554838486","True","0.03944573402404785","1024","1024","brovey","NoFilter","NoCutoff","15.007137378395164","15.313846734417858","15.281602454225998","0.21057322358906455","0.21163046834948043","0.19847874148895195","6.7260053424927815","1.6815013356231954","data/spot6/GEBZE/S6_GEBZE_MS.tiff","data/spot6/GEBZE/"
"1554838487","False","0.03998787403106689","1024","1024","brovey","NoFilter","NoCutoff","15.007137378395164","15.313846734417858","15.281602454225998","0.21057322358906455","0.21163046834948043","0.19847874148895195","6.7260053424927815","1.6815013356231954","data/spot6/GEBZE/S6_GEBZE_MS.tiff","data/spot6/GEBZE/"
"1554838489","True","0.039067316055297854","1024","1024","brovey","NoFilter","NoCutoff","15.007137378395164","15.313846734417858","15.281602454225998","0.21057322358906455","0.21163046834948043","0.19847874148895195","6.7260053424927815","1.6815013356231954","data/spot6/GEBZE/S6_GEBZE_MS.tiff","data/spot6/GEBZE/"
"1554838495","False","0.5678650140762329","1024","1024","hfm","ideal_lpf","0.125","17.107365267454703","17.51360787413367","18.113418718688347","0.26479901670064615","0.27334286349496223","0.292286380691177","9.052870411602763","2.2632176029006907","data/spot6/GEBZE/S6_GEBZE_MS.tiff","data/spot6/GEBZE/"
"1554838500","True","0.3982581377029419","1024","1024","hfm","ideal_lpf","0.125","17.107365267454703","17.51360787413367","18.113418718688347","0.26479901670064615","0.27334286349496223","0.292286380691177","9.052870411602763","2.2632176029006907","data/spot6/GEBZE/S6_GEBZE_MS.tiff","data/spot6/GEBZE/"
"1554838506","False","0.5666801452636718","1024","1024","hfm","hamming","0.125","17.107365267454703","17.51360787413367","18.113418718688347","0.26479901670064615","0.27334286349496223","0.292286380691177","9.052870411602763","2.2632176029006907","data/spot6/GEBZE/S6_GEBZE_MS.tiff","data/spot6/GEBZE/"
"1554838511","True","0.4252640724182129","1024","1024","hfm","hamming","0.125","19.49489261225896","20.03144713091378","20.72740464911899","0.3259316540469499","0.33822656654706756","0.35753944358122736","11.13365444520235","2.7834136113005874","data/spot6/GEBZE/S6_GEBZE_MS.tiff","data/spot6/GEBZE/"
"1554838518","False","0.5649163007736206","1024","1024","hfm","hanning","0.125","17.107365267454703","17.51360787413367","18.113418718688347","0.26479901670064615","0.27334286349496223","0.292286380691177","9.052870411602763","2.2632176029006907","data/spot6/GEBZE/S6_GEBZE_MS.tiff","data/spot6/GEBZE/"
"1554838523","True","0.4244647264480591","1024","1024","hfm","hanning","0.125","19.853501621017358","20.395272764773974","21.073689492148638","0.33521030571675103","0.3477797753025578","0.36643069108739185","11.433645056444082","2.8584112641110204","data/spot6/GEBZE/S6_GEBZE_MS.tiff","data/spot6/GEBZE/"
"1554838529","False","0.5783410787582397","1024","1024","hfm","lbtw","0.125","17.107365267454703","17.51360787413367","18.113418718688347","0.26479901670064615","0.27334286349496223","0.292286380691177","9.052870411602763","2.2632176029006907","data/spot6/GEBZE/S6_GEBZE_MS.tiff","data/spot6/GEBZE/"
"1554838534","True","0.40601444244384766","1024","1024","hfm","lbtw","0.125","15.691536824799488","16.180194049162388","17.09027957909017","0.24260796460596837","0.25253998601468974","0.2769533669533951","8.433104616987276","2.108276154246819","data/spot6/GEBZE/S6_GEBZE_MS.tiff","data/spot6/GEBZE/"
"1554838540","False","0.565311598777771","1024","1024","hfm","gauss_low","0.125","17.107365267454703","17.51360787413367","18.113418718688347","0.26479901670064615","0.27334286349496223","0.292286380691177","9.052870411602763","2.2632176029006907","data/spot6/GEBZE/S6_GEBZE_MS.tiff","data/spot6/GEBZE/"
"1554838545","True","0.41286778450012207","1024","1024","hfm","gauss_low","0.125","15.823670860801943","16.27801028731489","17.102098349847925","0.24269358580573813","0.2518812606218684","0.2747728664974009","8.399016291646921","2.0997540729117303","data/spot6/GEBZE/S6_GEBZE_MS.tiff","data/spot6/GEBZE/"
"1554838554","False","0.7286978244781495","1024","1024","fft","ideal_lpf","0.125","14.38766679552457","6.035829406413081","4.284190117356663","0.06982875008314657","0.03762188813146022","0.02894017759768683","1.5425640158124139","0.38564100395310347","data/spot6/IST_ORMAN/S6_IST_ORMAN_MS.tiff","data/spot6/IST_ORMAN/"
"1554838559","True","0.498919415473938","1024","1024","fft","ideal_lpf","0.125","14.38766679552457","6.035829406413081","4.284190117356663","0.06982875008314657","0.03762188813146022","0.02894017759768683","1.5425640158124139","0.38564100395310347","data/spot6/IST_ORMAN/S6_IST_ORMAN_MS.tiff","data/spot6/IST_ORMAN/"
"1554838568","False","0.7254581212997436","1024","1024","fft","hamming","0.125","14.38766679552457","6.035829406413081","4.284190117356663","0.06982875008314657","0.03762188813146022","0.02894017759768683","1.5425640158124139","0.38564100395310347","data/spot6/IST_ORMAN/S6_IST_ORMAN_MS.tiff","data/spot6/IST_ORMAN/"
"1554838574","True","0.536008620262146","1024","1024","fft","hamming","0.125","14.930128125908555","6.234719507573781","4.426340801759505","0.07210355261125256","0.038827167425866504","0.02988746868972255","1.5926756930320227","0.3981689232580057","data/spot6/IST_ORMAN/S6_IST_ORMAN_MS.tiff","data/spot6/IST_ORMAN/"
"1554838582","False","0.726471209526062","1024","1024","fft","hanning","0.125","14.38766679552457","6.035829406413081","4.284190117356663","0.06982875008314657","0.03762188813146022","0.02894017759768683","1.5425640158124139","0.38564100395310347","data/spot6/IST_ORMAN/S6_IST_ORMAN_MS.tiff","data/spot6/IST_ORMAN/"
"1554838588","True","0.5348472118377685","1024","1024","fft","hanning","0.125","15.017070582217862","6.269066524967231","4.451105225193427","0.0725030735067499","0.03903908631225751","0.030053955042925434","1.601479620744055","0.40036990518601373","data/spot6/IST_ORMAN/S6_IST_ORMAN_MS.tiff","data/spot6/IST_ORMAN/"
"1554838596","False","0.7198866128921508","1024","1024","fft","lbtw","0.125","14.38766679552457","6.035829406413081","4.284190117356663","0.06982875008314657","0.03762188813146022","0.02894017759768683","1.5425640158124139","0.38564100395310347","data/spot6/IST_ORMAN/S6_IST_ORMAN_MS.tiff","data/spot6/IST_ORMAN/"
"1554838602","True","0.5074403285980225","1024","1024","fft","lbtw","0.125","12.974441185247962","5.418331797286429","3.8495279732253564","0.06266579694487409","0.03374456564349414","0.025992710293010375","1.384330674439591","0.3460826686098977","data/spot6/IST_ORMAN/S6_IST_ORMAN_MS.tiff","data/spot6/IST_ORMAN/"
"1554838610","False","0.7209275960922241","1024","1024","fft","gauss_low","0.125","14.38766679552457","6.035829406413081","4.284190117356663","0.06982875008314657","0.03762188813146022","0.02894017759768683","1.5425640158124139","0.38564100395310347","data/spot6/IST_ORMAN/S6_IST_ORMAN_MS.tiff","data/spot6/IST_ORMAN/"
"1554838616","True","0.5180880069732666","1024","1024","fft","gauss_low","0.125","13.419181576252427","5.61533423970837","3.989734162692174","0.06496046809625149","0.034985403093589724","0.026944792534741274","1.435067963235491","0.35876699080887275","data/spot6/IST_ORMAN/S6_IST_ORMAN_MS.tiff","data/spot6/IST_ORMAN/"
"1554838617","False","0.044853377342224124","1024","1024","ihs","NoFilter","NoCutoff","10.577880745929631","8.105201687848597","7.46478615314571","0.050419758865650345","0.05041975886565035","0.050419758865650345","1.641855305366199","0.41046382634154976","data/spot6/IST_ORMAN/S6_IST_ORMAN_MS.tiff","data/spot6/IST_ORMAN/"
"1554838618","True","0.04266312122344971","1024","1024","ihs","NoFilter","NoCutoff","10.577880745929631","8.105201687848597","7.46478615314571","0.050419758865650345","0.05041975886565035","0.050419758865650345","1.641855305366199","0.41046382634154976","data/spot6/IST_ORMAN/S6_IST_ORMAN_MS.tiff","data/spot6/IST_ORMAN/"
"1554838620","False","0.04551112651824951","1024","1024","ihs","NoFilter","NoCutoff","10.577880745929631","8.105201687848597","7.46478615314571","0.050419758865650345","0.05041975886565035","0.050419758865650345","1.641855305366199","0.41046382634154976","data/spot6/IST_ORMAN/S6_IST_ORMAN_MS.tiff","data/spot6/IST_ORMAN/"
"1554838621","True","0.04298148155212402","1024","1024","ihs","NoFilter","NoCutoff","10.577880745929631","8.105201687848597","7.46478615314571","0.050419758865650345","0.05041975886565035","0.050419758865650345","1.641855305366199","0.41046382634154976","data/spot6/IST_ORMAN/S6_IST_ORMAN_MS.tiff","data/spot6/IST_ORMAN/"
"1554838622","False","0.04552140235900879","1024","1024","ihs","NoFilter","NoCutoff","10.577880745929631","8.105201687848597","7.46478615314571","0.050419758865650345","0.05041975886565035","0.050419758865650345","1.641855305366199","0.41046382634154976","data/spot6/IST_ORMAN/S6_IST_ORMAN_MS.tiff","data/spot6/IST_ORMAN/"
"1554838623","True","0.04274289608001709","1024","1024","ihs","NoFilter","NoCutoff","10.577880745929631","8.105201687848597","7.46478615314571","0.050419758865650345","0.05041975886565035","0.050419758865650345","1.641855305366199","0.41046382634154976","data/spot6/IST_ORMAN/S6_IST_ORMAN_MS.tiff","data/spot6/IST_ORMAN/"
"1554838624","False","0.045641970634460446","1024","1024","ihs","NoFilter","NoCutoff","10.577880745929631","8.105201687848597","7.46478615314571","0.050419758865650345","0.05041975886565035","0.050419758865650345","1.641855305366199","0.41046382634154976","data/spot6/IST_ORMAN/S6_IST_ORMAN_MS.tiff","data/spot6/IST_ORMAN/"
"1554838626","True","0.042848801612854","1024","1024","ihs","NoFilter","NoCutoff","10.577880745929631","8.105201687848597","7.46478615314571","0.050419758865650345","0.05041975886565035","0.050419758865650345","1.641855305366199","0.41046382634154976","data/spot6/IST_ORMAN/S6_IST_ORMAN_MS.tiff","data/spot6/IST_ORMAN/"
"1554838627","False","0.04537158012390137","1024","1024","ihs","NoFilter","NoCutoff","10.577880745929631","8.105201687848597","7.46478615314571","0.050419758865650345","0.05041975886565035","0.050419758865650345","1.641855305366199","0.41046382634154976","data/spot6/IST_ORMAN/S6_IST_ORMAN_MS.tiff","data/spot6/IST_ORMAN/"
"1554838628","True","0.04248168468475342","1024","1024","ihs","NoFilter","NoCutoff","10.577880745929631","8.105201687848597","7.46478615314571","0.050419758865650345","0.05041975886565035","0.050419758865650345","1.641855305366199","0.41046382634154976","data/spot6/IST_ORMAN/S6_IST_ORMAN_MS.tiff","data/spot6/IST_ORMAN/"
"1554838632","False","0.3298111200332642","1024","1024","ihs_fft","ideal_lpf","0.125","9.375416278223968","7.222682007388937","6.65903343485207","0.04508367676584513","0.04508381154820019","0.04508383243902164","1.4680958989018091","0.3670239747254523","data/spot6/IST_ORMAN/S6_IST_ORMAN_MS.tiff","data/spot6/IST_ORMAN/"
"1554838636","True","0.27937438488006594","1024","1024","ihs_fft","ideal_lpf","0.125","9.375416278223968","7.222682007388937","6.65903343485207","0.04508367676584513","0.04508381154820019","0.04508383243902164","1.4680958989018091","0.3670239747254523","data/spot6/IST_ORMAN/S6_IST_ORMAN_MS.tiff","data/spot6/IST_ORMAN/"
"1554838640","False","0.33466780185699463","1024","1024","ihs_fft","hamming","0.125","9.375416278223968","7.222682007388937","6.65903343485207","0.04508367676584513","0.04508381154820019","0.04508383243902164","1.4680958989018091","0.3670239747254523","data/spot6/IST_ORMAN/S6_IST_ORMAN_MS.tiff","data/spot6/IST_ORMAN/"
"1554838643","True","0.3050725221633911","1024","1024","ihs_fft","hamming","0.125","9.701649338728306","7.458391542004112","6.8739236567214865","0.04650864501895891","0.04650864339778325","0.04650864267513745","1.5144948129352978","0.37862370323382444","data/spot6/IST_ORMAN/S6_IST_ORMAN_MS.tiff","data/spot6/IST_ORMAN/"
"1554838648","False","0.3283486604690552","1024","1024","ihs_fft","hanning","0.125","9.375416278223968","7.222682007388937","6.65903343485207","0.04508367676584513","0.04508381154820019","0.04508383243902164","1.4680958989018091","0.3670239747254523","data/spot6/IST_ORMAN/S6_IST_ORMAN_MS.tiff","data/spot6/IST_ORMAN/"
"1554838651","True","0.3068990707397461","1024","1024","ihs_fft","hanning","0.125","9.755786426712747","7.498947794848338","6.911133814416915","0.046759134857074704","0.0467591326655528","0.04675913182340062","1.5226516814324378","0.38066292035810945","data/spot6/IST_ORMAN/S6_IST_ORMAN_MS.tiff","data/spot6/IST_ORMAN/"
"1554838655","False","0.3298521041870117","1024","1024","ihs_fft","lbtw","0.125","9.375416278223968","7.222682007388937","6.65903343485207","0.04508367676584513","0.04508381154820019","0.04508383243902164","1.4680958989018091","0.3670239747254523","data/spot6/IST_ORMAN/S6_IST_ORMAN_MS.tiff","data/spot6/IST_ORMAN/"
"1554838659","True","0.2837507963180542","1024","1024","ihs_fft","lbtw","0.125","8.435323308627035","6.492413474160721","5.9846488226330905","0.040477334389067914","0.040477333910839026","0.04047733353719113","1.3180928852842655","0.3295232213210664","data/spot6/IST_ORMAN/S6_IST_ORMAN_MS.tiff","data/spot6/IST_ORMAN/"
"1554838663","False","0.33868887424468996","1024","1024","ihs_fft","gauss_low","0.125","9.375416278223968","7.222682007388937","6.65903343485207","0.04508367676584513","0.04508381154820019","0.04508383243902164","1.4680958989018091","0.3670239747254523","data/spot6/IST_ORMAN/S6_IST_ORMAN_MS.tiff","data/spot6/IST_ORMAN/"
"1554838667","True","0.29725778102874756","1024","1024","ihs_fft","gauss_low","0.125","8.737022468019116","6.7284399722967105","6.20289127698312","0.041971154507290616","0.041971154184730915","0.04197115366433801","1.366737238832719","0.34168430970817976","data/spot6/IST_ORMAN/S6_IST_ORMAN_MS.tiff","data/spot6/IST_ORMAN/"
"1554838674","False","0.667193078994751","1024","1024","lab","NoFilter","NoCutoff","13.167877789991515","10.095200521457235","9.343974600908286","0.08168806235260505","0.08141423812398184","0.06483487871591606","2.468591499375748","0.617147874843937","data/spot6/IST_ORMAN/S6_IST_ORMAN_MS.tiff","data/spot6/IST_ORMAN/"
"1554838680","True","0.5267213106155395","1024","1024","lab","NoFilter","NoCutoff","13.167877789991515","10.095200521457235","9.343974600908286","0.08168806235260505","0.08141423812398184","0.06483487871591606","2.468591499375748","0.617147874843937","data/spot6/IST_ORMAN/S6_IST_ORMAN_MS.tiff","data/spot6/IST_ORMAN/"
"1554838688","False","0.6733136892318725","1024","1024","lab","NoFilter","NoCutoff","13.167877789991515","10.095200521457235","9.343974600908286","0.08168806235260505","0.08141423812398184","0.06483487871591606","2.468591499375748","0.617147874843937","data/spot6/IST_ORMAN/S6_IST_ORMAN_MS.tiff","data/spot6/IST_ORMAN/"
"1554838694","True","0.5297956943511963","1024","1024","lab","NoFilter","NoCutoff","13.167877789991515","10.095200521457235","9.343974600908286","0.08168806235260505","0.08141423812398184","0.06483487871591606","2.468591499375748","0.617147874843937","data/spot6/IST_ORMAN/S6_IST_ORMAN_MS.tiff","data/spot6/IST_ORMAN/"
"1554838701","False","0.6677762985229492","1024","1024","lab","NoFilter","NoCutoff","13.167877789991515","10.095200521457235","9.343974600908286","0.08168806235260505","0.08141423812398184","0.06483487871591606","2.468591499375748","0.617147874843937","data/spot6/IST_ORMAN/S6_IST_ORMAN_MS.tiff","data/spot6/IST_ORMAN/"
"1554838707","True","0.5296704053878785","1024","1024","lab","NoFilter","NoCutoff","13.167877789991515","10.095200521457235","9.343974600908286","0.08168806235260505","0.08141423812398184","0.06483487871591606","2.468591499375748","0.617147874843937","data/spot6/IST_ORMAN/S6_IST_ORMAN_MS.tiff","data/spot6/IST_ORMAN/"
"1554838715","False","0.6668357849121094","1024","1024","lab","NoFilter","NoCutoff","13.167877789991515","10.095200521457235","9.343974600908286","0.08168806235260505","0.08141423812398184","0.06483487871591606","2.468591499375748","0.617147874843937","data/spot6/IST_ORMAN/S6_IST_ORMAN_MS.tiff","data/spot6/IST_ORMAN/"
"1554838721","True","0.5277279376983642","1024","1024","lab","NoFilter","NoCutoff","13.167877789991515","10.095200521457235","9.343974600908286","0.08168806235260505","0.08141423812398184","0.06483487871591606","2.468591499375748","0.617147874843937","data/spot6/IST_ORMAN/S6_IST_ORMAN_MS.tiff","data/spot6/IST_ORMAN/"
"1554838728","False","0.667721152305603","1024","1024","lab","NoFilter","NoCutoff","13.167877789991515","10.095200521457235","9.343974600908286","0.08168806235260505","0.08141423812398184","0.06483487871591606","2.468591499375748","0.617147874843937","data/spot6/IST_ORMAN/S6_IST_ORMAN_MS.tiff","data/spot6/IST_ORMAN/"
"1554838734","True","0.5300281286239624","1024","1024","lab","NoFilter","NoCutoff","13.167877789991515","10.095200521457235","9.343974600908286","0.08168806235260505","0.08141423812398184","0.06483487871591606","2.468591499375748","0.617147874843937","data/spot6/IST_ORMAN/S6_IST_ORMAN_MS.tiff","data/spot6/IST_ORMAN/"
"1554838744","False","0.9541703224182129","1024","1024","lab_fft","ideal_lpf","0.125","11.091541639867494","10.283911491763234","8.466710667782783","0.0774686573633409","0.0796801747598019","0.05940138862407908","2.34897155686409","0.5872428892160225","data/spot6/IST_ORMAN/S6_IST_ORMAN_MS.tiff","data/spot6/IST_ORMAN/"
"1554838753","True","0.7897428035736084","1024","1024","lab_fft","ideal_lpf","0.125","11.091541639867494","10.283911491763234","8.466710667782783","0.0774686573633409","0.0796801747598019","0.05940138862407908","2.34897155686409","0.5872428892160225","data/spot6/IST_ORMAN/S6_IST_ORMAN_MS.tiff","data/spot6/IST_ORMAN/"
"1554838763","False","0.9556187391281128","1024","1024","lab_fft","hamming","0.125","11.091541639867494","10.283911491763234","8.466710667782783","0.0774686573633409","0.0796801747598019","0.05940138862407908","2.34897155686409","0.5872428892160225","data/spot6/IST_ORMAN/S6_IST_ORMAN_MS.tiff","data/spot6/IST_ORMAN/"
"1554838772","True","0.8206475973129272","1024","1024","lab_fft","hamming","0.125","11.680917636292754","10.319054547711918","8.724634922059026","0.0787985247664768","0.08035468847208707","0.0610348298768392","2.3872072436083944","0.5968018109020986","data/spot6/IST_ORMAN/S6_IST_ORMAN_MS.tiff","data/spot6/IST_ORMAN/"
"1554838783","False","0.9597774028778077","1024","1024","lab_fft","hanning","0.125","11.091541639867494","10.283911491763234","8.466710667782783","0.0774686573633409","0.0796801747598019","0.05940138862407908","2.34897155686409","0.5872428892160225","data/spot6/IST_ORMAN/S6_IST_ORMAN_MS.tiff","data/spot6/IST_ORMAN/"
"1554838792","True","0.8208873987197876","1024","1024","lab_fft","hanning","0.125","11.748289118835105","10.342813141497349","8.766086561333395","0.07900831272237033","0.08047980038448303","0.061314193987466986","2.39368802563252","0.59842200640813","data/spot6/IST_ORMAN/S6_IST_ORMAN_MS.tiff","data/spot6/IST_ORMAN/"
"1554838802","False","0.9502869844436646","1024","1024","lab_fft","lbtw","0.125","11.091541639867494","10.283911491763234","8.466710667782783","0.0774686573633409","0.0796801747598019","0.05940138862407908","2.34897155686409","0.5872428892160225","data/spot6/IST_ORMAN/S6_IST_ORMAN_MS.tiff","data/spot6/IST_ORMAN/"
"1554838811","True","0.8027638912200927","1024","1024","lab_fft","lbtw","0.125","10.242003535698696","9.21269156621364","7.569868936877443","0.07287740412884212","0.07633957458334663","0.05299111643775184","2.198415415908885","0.5496038539772212","data/spot6/IST_ORMAN/S6_IST_ORMAN_MS.tiff","data/spot6/IST_ORMAN/"
"1554838821","False","0.9497590780258178","1024","1024","lab_fft","gauss_low","0.125","11.091541639867494","10.283911491763234","8.466710667782783","0.0774686573633409","0.0796801747598019","0.05940138862407908","2.34897155686409","0.5872428892160225","data/spot6/IST_ORMAN/S6_IST_ORMAN_MS.tiff","data/spot6/IST_ORMAN/"
"1554838830","True","0.814369535446167","1024","1024","lab_fft","gauss_low","0.125","10.48829119869659","9.611952111250126","7.872840896510009","0.07441188313648629","0.07748742426619869","0.05517179278689774","2.2492787381447754","0.5623196845361939","data/spot6/IST_ORMAN/S6_IST_ORMAN_MS.tiff","data/spot6/IST_ORMAN/"
"1554838831","False","0.03990426063537598","1024","1024","brovey","NoFilter","NoCutoff","9.37610719615614","8.386672844508967","8.12683555274597","0.04473610560406027","0.052266305220961776","0.05511399809173367","1.6683045729278305","0.41707614323195763","data/spot6/IST_ORMAN/S6_IST_ORMAN_MS.tiff","data/spot6/IST_ORMAN/"
"1554838832","True","0.0393563985824585","1024","1024","brovey","NoFilter","NoCutoff","9.37610719615614","8.386672844508967","8.12683555274597","0.04473610560406027","0.052266305220961776","0.05511399809173367","1.6683045729278305","0.41707614323195763","data/spot6/IST_ORMAN/S6_IST_ORMAN_MS.tiff","data/spot6/IST_ORMAN/"
"1554838833","False","0.04019782543182373","1024","1024","brovey","NoFilter","NoCutoff","9.37610719615614","8.386672844508967","8.12683555274597","0.04473610560406027","0.052266305220961776","0.05511399809173367","1.6683045729278305","0.41707614323195763","data/spot6/IST_ORMAN/S6_IST_ORMAN_MS.tiff","data/spot6/IST_ORMAN/"
"1554838835","True","0.038998961448669434","1024","1024","brovey","NoFilter","NoCutoff","9.37610719615614","8.386672844508967","8.12683555274597","0.04473610560406027","0.052266305220961776","0.05511399809173367","1.6683045729278305","0.41707614323195763","data/spot6/IST_ORMAN/S6_IST_ORMAN_MS.tiff","data/spot6/IST_ORMAN/"
"1554838836","False","0.04016003608703613","1024","1024","brovey","NoFilter","NoCutoff","9.37610719615614","8.386672844508967","8.12683555274597","0.04473610560406027","0.052266305220961776","0.05511399809173367","1.6683045729278305","0.41707614323195763","data/spot6/IST_ORMAN/S6_IST_ORMAN_MS.tiff","data/spot6/IST_ORMAN/"
"1554838837","True","0.03840627670288086","1024","1024","brovey","NoFilter","NoCutoff","9.37610719615614","8.386672844508967","8.12683555274597","0.04473610560406027","0.052266305220961776","0.05511399809173367","1.6683045729278305","0.41707614323195763","data/spot6/IST_ORMAN/S6_IST_ORMAN_MS.tiff","data/spot6/IST_ORMAN/"
"1554838838","False","0.040361571311950686","1024","1024","brovey","NoFilter","NoCutoff","9.37610719615614","8.386672844508967","8.12683555274597","0.04473610560406027","0.052266305220961776","0.05511399809173367","1.6683045729278305","0.41707614323195763","data/spot6/IST_ORMAN/S6_IST_ORMAN_MS.tiff","data/spot6/IST_ORMAN/"
"1554838839","True","0.03900914192199707","1024","1024","brovey","NoFilter","NoCutoff","9.37610719615614","8.386672844508967","8.12683555274597","0.04473610560406027","0.052266305220961776","0.05511399809173367","1.6683045729278305","0.41707614323195763","data/spot6/IST_ORMAN/S6_IST_ORMAN_MS.tiff","data/spot6/IST_ORMAN/"
"1554838840","False","0.039910173416137694","1024","1024","brovey","NoFilter","NoCutoff","9.37610719615614","8.386672844508967","8.12683555274597","0.04473610560406027","0.052266305220961776","0.05511399809173367","1.6683045729278305","0.41707614323195763","data/spot6/IST_ORMAN/S6_IST_ORMAN_MS.tiff","data/spot6/IST_ORMAN/"
"1554838841","True","0.03859102725982666","1024","1024","brovey","NoFilter","NoCutoff","9.37610719615614","8.386672844508967","8.12683555274597","0.04473610560406027","0.052266305220961776","0.05511399809173367","1.6683045729278305","0.41707614323195763","data/spot6/IST_ORMAN/S6_IST_ORMAN_MS.tiff","data/spot6/IST_ORMAN/"
"1554838848","False","0.5671772003173828","1024","1024","hfm","ideal_lpf","0.125","11.84006612637801","12.02682512271828","12.54309121987529","0.12230752739515209","0.07731004036748972","0.08444482439192592","3.1075623386004927","0.7768905846501232","data/spot6/IST_ORMAN/S6_IST_ORMAN_MS.tiff","data/spot6/IST_ORMAN/"
"1554838853","True","0.3975003957748413","1024","1024","hfm","ideal_lpf","0.125","11.84006612637801","12.02682512271828","12.54309121987529","0.12230752739515209","0.07731004036748972","0.08444482439192592","3.1075623386004927","0.7768905846501232","data/spot6/IST_ORMAN/S6_IST_ORMAN_MS.tiff","data/spot6/IST_ORMAN/"
"1554838859","False","0.5812513828277588","1024","1024","hfm","hamming","0.125","11.84006612637801","12.02682512271828","12.54309121987529","0.12230752739515209","0.07731004036748972","0.08444482439192592","3.1075623386004927","0.7768905846501232","data/spot6/IST_ORMAN/S6_IST_ORMAN_MS.tiff","data/spot6/IST_ORMAN/"
"1554838864","True","0.41721248626708984","1024","1024","hfm","hamming","0.125","12.715704202021213","13.17307220969827","13.422605242573681","0.13445784647354855","0.08570181343924195","0.08986675364215897","3.3913540647177642","0.8478385161794411","data/spot6/IST_ORMAN/S6_IST_ORMAN_MS.tiff","data/spot6/IST_ORMAN/"
"1554838871","False","0.5635091066360474","1024","1024","hfm","hanning","0.125","11.84006612637801","12.02682512271828","12.54309121987529","0.12230752739515209","0.07731004036748972","0.08444482439192592","3.1075623386004927","0.7768905846501232","data/spot6/IST_ORMAN/S6_IST_ORMAN_MS.tiff","data/spot6/IST_ORMAN/"
"1554838876","True","0.4317578554153442","1024","1024","hfm","hanning","0.125","12.928649196183958","13.298342122672361","13.512089711686706","0.13647327754076874","0.08663331259366497","0.09043010830466296","3.4309625137543445","0.8577406284385861","data/spot6/IST_ORMAN/S6_IST_ORMAN_MS.tiff","data/spot6/IST_ORMAN/"
"1554838882","False","0.563604187965393","1024","1024","hfm","lbtw","0.125","11.84006612637801","12.02682512271828","12.54309121987529","0.12230752739515209","0.07731004036748972","0.08444482439192592","3.1075623386004927","0.7768905846501232","data/spot6/IST_ORMAN/S6_IST_ORMAN_MS.tiff","data/spot6/IST_ORMAN/"
"1554838887","True","0.4009962558746338","1024","1024","hfm","lbtw","0.125","9.944627310730812","11.580723833774316","12.280548764072842","0.11449025091212714","0.07434155605988449","0.08282307457184053","2.966878105855164","0.741719526463791","data/spot6/IST_ORMAN/S6_IST_ORMAN_MS.tiff","data/spot6/IST_ORMAN/"
"1554838893","False","0.577522873878479","1024","1024","hfm","gauss_low","0.125","11.84006612637801","12.02682512271828","12.54309121987529","0.12230752739515209","0.07731004036748972","0.08444482439192592","3.1075623386004927","0.7768905846501232","data/spot6/IST_ORMAN/S6_IST_ORMAN_MS.tiff","data/spot6/IST_ORMAN/"
"1554838898","True","0.41836540699005126","1024","1024","hfm","gauss_low","0.125","10.526291305713459","11.652816039531796","12.309784952848085","0.11589740419326093","0.07476164446317884","0.08301674633597789","2.990040043572896","0.747510010893224","data/spot6/IST_ORMAN/S6_IST_ORMAN_MS.tiff","data/spot6/IST_ORMAN/"
"1554838906","False","0.7251891374588013","1024","1024","fft","ideal_lpf","0.125","7.080390954288969","5.561431831283828","4.019965320748197","0.0930667091817633","0.06154317891910327","0.03989063446115965","2.1708756227450445","0.5427189056862611","data/spot6/URFA/S6_URFA_MS.tiff","data/spot6/URFA/"
"1554838912","True","0.5063599586486817","1024","1024","fft","ideal_lpf","0.125","7.080390954288969","5.561431831283828","4.019965320748197","0.0930667091817633","0.06154317891910327","0.03989063446115965","2.1708756227450445","0.5427189056862611","data/spot6/URFA/S6_URFA_MS.tiff","data/spot6/URFA/"
"1554838920","False","0.7236892938613891","1024","1024","fft","hamming","0.125","7.080390954288969","5.561431831283828","4.019965320748197","0.0930667091817633","0.06154317891910327","0.03989063446115965","2.1708756227450445","0.5427189056862611","data/spot6/URFA/S6_URFA_MS.tiff","data/spot6/URFA/"
"1554838927","True","0.5317896127700805","1024","1024","fft","hamming","0.125","7.371835959105042","5.7899765824952825","4.194152046904278","0.09684573198948906","0.06405208463121248","0.04161153722060466","2.2598514099381335","0.5649628524845334","data/spot6/URFA/S6_URFA_MS.tiff","data/spot6/URFA/"
"1554838935","False","0.7237512588500976","1024","1024","fft","hanning","0.125","7.080390954288969","5.561431831283828","4.019965320748197","0.0930667091817633","0.06154317891910327","0.03989063446115965","2.1708756227450445","0.5427189056862611","data/spot6/URFA/S6_URFA_MS.tiff","data/spot6/URFA/"
"1554838941","True","0.5246145248413085","1024","1024","fft","hanning","0.125","7.422102676419187","5.829577605430441","4.224430028170741","0.0975055425744987","0.06449002443099312","0.04191185373385439","2.275384389409111","0.5688460973522778","data/spot6/URFA/S6_URFA_MS.tiff","data/spot6/URFA/"
"1554838949","False","0.7229614973068237","1024","1024","fft","lbtw","0.125","7.080390954288969","5.561431831283828","4.019965320748197","0.0930667091817633","0.06154317891910327","0.03989063446115965","2.1708756227450445","0.5427189056862611","data/spot6/URFA/S6_URFA_MS.tiff","data/spot6/URFA/"
"1554838955","True","0.5023356914520264","1024","1024","fft","lbtw","0.125","6.272393248400442","4.919042724426676","3.5507384942084497","0.08233975203042529","0.05439298053445761","0.03522038477343296","1.9195761694600708","0.4798940423650177","data/spot6/URFA/S6_URFA_MS.tiff","data/spot6/URFA/"
"1554838963","False","0.7313116788864136","1024","1024","fft","gauss_low","0.125","7.080390954288969","5.561431831283828","4.019965320748197","0.0930667091817633","0.06154317891910327","0.03989063446115965","2.1708756227450445","0.5427189056862611","data/spot6/URFA/S6_URFA_MS.tiff","data/spot6/URFA/"
"1554838969","True","0.5228031396865844","1024","1024","fft","gauss_low","0.125","6.496271290147915","5.095437117534829","3.676142977706129","0.08531643850191648","0.056358530954739604","0.03646946554321314","1.9887895256631605","0.4971973814157901","data/spot6/URFA/S6_URFA_MS.tiff","data/spot6/URFA/"
"1554838970","False","0.04575703144073486","1024","1024","ihs","NoFilter","NoCutoff","5.533074699648487","6.555461770655646","7.291100033333011","0.07234382567251622","0.07234382567251622","0.07234382567251622","2.3557846499704027","0.5889461624926007","data/spot6/URFA/S6_URFA_MS.tiff","data/spot6/URFA/"
"1554838971","True","0.04249277114868164","1024","1024","ihs","NoFilter","NoCutoff","5.533074699648487","6.555461770655646","7.291100033333011","0.07234382567251622","0.07234382567251622","0.07234382567251622","2.3557846499704027","0.5889461624926007","data/spot6/URFA/S6_URFA_MS.tiff","data/spot6/URFA/"
"1554838973","False","0.04529247283935547","1024","1024","ihs","NoFilter","NoCutoff","5.533074699648487","6.555461770655646","7.291100033333011","0.07234382567251622","0.07234382567251622","0.07234382567251622","2.3557846499704027","0.5889461624926007","data/spot6/URFA/S6_URFA_MS.tiff","data/spot6/URFA/"
"1554838974","True","0.042401814460754396","1024","1024","ihs","NoFilter","NoCutoff","5.533074699648487","6.555461770655646","7.291100033333011","0.07234382567251622","0.07234382567251622","0.07234382567251622","2.3557846499704027","0.5889461624926007","data/spot6/URFA/S6_URFA_MS.tiff","data/spot6/URFA/"
"1554838975","False","0.04522531032562256","1024","1024","ihs","NoFilter","NoCutoff","5.533074699648487","6.555461770655646","7.291100033333011","0.07234382567251622","0.07234382567251622","0.07234382567251622","2.3557846499704027","0.5889461624926007","data/spot6/URFA/S6_URFA_MS.tiff","data/spot6/URFA/"
"1554838976","True","0.043329930305480956","1024","1024","ihs","NoFilter","NoCutoff","5.533074699648487","6.555461770655646","7.291100033333011","0.07234382567251622","0.07234382567251622","0.07234382567251622","2.3557846499704027","0.5889461624926007","data/spot6/URFA/S6_URFA_MS.tiff","data/spot6/URFA/"
"1554838977","False","0.04506978988647461","1024","1024","ihs","NoFilter","NoCutoff","5.533074699648487","6.555461770655646","7.291100033333011","0.07234382567251622","0.07234382567251622","0.07234382567251622","2.3557846499704027","0.5889461624926007","data/spot6/URFA/S6_URFA_MS.tiff","data/spot6/URFA/"
"1554838978","True","0.04235649108886719","1024","1024","ihs","NoFilter","NoCutoff","5.533074699648487","6.555461770655646","7.291100033333011","0.07234382567251622","0.07234382567251622","0.07234382567251622","2.3557846499704027","0.5889461624926007","data/spot6/URFA/S6_URFA_MS.tiff","data/spot6/URFA/"
"1554838980","False","0.04593353271484375","1024","1024","ihs","NoFilter","NoCutoff","5.533074699648487","6.555461770655646","7.291100033333011","0.07234382567251622","0.07234382567251622","0.07234382567251622","2.3557846499704027","0.5889461624926007","data/spot6/URFA/S6_URFA_MS.tiff","data/spot6/URFA/"
"1554838981","True","0.04283561706542969","1024","1024","ihs","NoFilter","NoCutoff","5.533074699648487","6.555461770655646","7.291100033333011","0.07234382567251622","0.07234382567251622","0.07234382567251622","2.3557846499704027","0.5889461624926007","data/spot6/URFA/S6_URFA_MS.tiff","data/spot6/URFA/"
"1554838985","False","0.3348014116287231","1024","1024","ihs_fft","ideal_lpf","0.125","4.909524506449953","5.815877752110374","6.471879804522241","0.06437959746660675","0.06437951584389177","0.06437941821856383","2.0964366592134653","0.5241091648033663","data/spot6/URFA/S6_URFA_MS.tiff","data/spot6/URFA/"
"1554838989","True","0.27845761775970457","1024","1024","ihs_fft","ideal_lpf","0.125","4.909524506449953","5.815877752110374","6.471879804522241","0.06437959746660675","0.06437951584389177","0.06437941821856383","2.0964366592134653","0.5241091648033663","data/spot6/URFA/S6_URFA_MS.tiff","data/spot6/URFA/"
"1554838993","False","0.3370934247970581","1024","1024","ihs_fft","hamming","0.125","4.909524506449953","5.815877752110374","6.471879804522241","0.06437959746660675","0.06437951584389177","0.06437941821856383","2.0964366592134653","0.5241091648033663","data/spot6/URFA/S6_URFA_MS.tiff","data/spot6/URFA/"
"1554838997","True","0.30901360511779785","1024","1024","ihs_fft","hamming","0.125","5.106025548145496","6.048082331686267","6.729312952652369","0.06692957893924248","0.06692957485097394","0.0669295699199345","2.1794764405879614","0.5448691101469904","data/spot6/URFA/S6_URFA_MS.tiff","data/spot6/URFA/"
"1554839001","False","0.3348163843154907","1024","1024","ihs_fft","hanning","0.125","4.909524506449953","5.815877752110374","6.471879804522241","0.06437959746660675","0.06437951584389177","0.06437941821856383","2.0964366592134653","0.5241091648033663","data/spot6/URFA/S6_URFA_MS.tiff","data/spot6/URFA/"
"1554839004","True","0.3063544988632202","1024","1024","ihs_fft","hanning","0.125","5.14008053773597","6.088327515929036","6.773966339460213","0.06737495159241585","0.06737494787491687","0.06737494352952465","2.193979449929596","0.548494862482399","data/spot6/URFA/S6_URFA_MS.tiff","data/spot6/URFA/"
"1554839009","False","0.32986557483673096","1024","1024","ihs_fft","lbtw","0.125","4.909524506449953","5.815877752110374","6.471879804522241","0.06437959746660675","0.06437951584389177","0.06437941821856383","2.0964366592134653","0.5241091648033663","data/spot6/URFA/S6_URFA_MS.tiff","data/spot6/URFA/"
"1554839012","True","0.2885056257247925","1024","1024","ihs_fft","lbtw","0.125","4.34462625890358","5.147764366121592","5.729391138447173","0.056936217970835985","0.05693621661570369","0.05693621488273808","1.8540554544658774","0.46351386361646935","data/spot6/URFA/S6_URFA_MS.tiff","data/spot6/URFA/"
"1554839016","False","0.32906479835510255","1024","1024","ihs_fft","gauss_low","0.125","4.909524506449953","5.815877752110374","6.471879804522241","0.06437959746660675","0.06437951584389177","0.06437941821856383","2.0964366592134653","0.5241091648033663","data/spot6/URFA/S6_URFA_MS.tiff","data/spot6/URFA/"
"1554839020","True","0.2998745203018188","1024","1024","ihs_fft","gauss_low","0.125","4.501841762814509","5.33375297723752","5.936177552422731","0.059010245506756404","0.05901024371584991","0.05901024127852096","1.92159350429102","0.480398376072755","data/spot6/URFA/S6_URFA_MS.tiff","data/spot6/URFA/"
"1554839028","False","0.6713272333145142","1024","1024","lab","NoFilter","NoCutoff","8.02159757445495","8.304454610464747","8.572755639128331","0.10989260666769453","0.0930808235420202","0.08613076663752585","3.128772830995126","0.7821932077487815","data/spot6/URFA/S6_URFA_MS.tiff","data/spot6/URFA/"
"1554839034","True","0.5346828937530518","1024","1024","lab","NoFilter","NoCutoff","8.02159757445495","8.304454610464747","8.572755639128331","0.10989260666769453","0.0930808235420202","0.08613076663752585","3.128772830995126","0.7821932077487815","data/spot6/URFA/S6_URFA_MS.tiff","data/spot6/URFA/"
"1554839041","False","0.6675338268280029","1024","1024","lab","NoFilter","NoCutoff","8.02159757445495","8.304454610464747","8.572755639128331","0.10989260666769453","0.0930808235420202","0.08613076663752585","3.128772830995126","0.7821932077487815","data/spot6/URFA/S6_URFA_MS.tiff","data/spot6/URFA/"
"1554839047","True","0.5306919097900391","1024","1024","lab","NoFilter","NoCutoff","8.02159757445495","8.304454610464747","8.572755639128331","0.10989260666769453","0.0930808235420202","0.08613076663752585","3.128772830995126","0.7821932077487815","data/spot6/URFA/S6_URFA_MS.tiff","data/spot6/URFA/"
"1554839054","False","0.6696357250213623","1024","1024","lab","NoFilter","NoCutoff","8.02159757445495","8.304454610464747","8.572755639128331","0.10989260666769453","0.0930808235420202","0.08613076663752585","3.128772830995126","0.7821932077487815","data/spot6/URFA/S6_URFA_MS.tiff","data/spot6/URFA/"
"1554839060","True","0.5284731149673462","1024","1024","lab","NoFilter","NoCutoff","8.02159757445495","8.304454610464747","8.572755639128331","0.10989260666769453","0.0930808235420202","0.08613076663752585","3.128772830995126","0.7821932077487815","data/spot6/URFA/S6_URFA_MS.tiff","data/spot6/URFA/"
"1554839068","False","0.6672917127609252","1024","1024","lab","NoFilter","NoCutoff","8.02159757445495","8.304454610464747","8.572755639128331","0.10989260666769453","0.0930808235420202","0.08613076663752585","3.128772830995126","0.7821932077487815","data/spot6/URFA/S6_URFA_MS.tiff","data/spot6/URFA/"
"1554839074","True","0.5280266523361206","1024","1024","lab","NoFilter","NoCutoff","8.02159757445495","8.304454610464747","8.572755639128331","0.10989260666769453","0.0930808235420202","0.08613076663752585","3.128772830995126","0.7821932077487815","data/spot6/URFA/S6_URFA_MS.tiff","data/spot6/URFA/"
"1554839081","False","0.6674435853958129","1024","1024","lab","NoFilter","NoCutoff","8.02159757445495","8.304454610464747","8.572755639128331","0.10989260666769453","0.0930808235420202","0.08613076663752585","3.128772830995126","0.7821932077487815","data/spot6/URFA/S6_URFA_MS.tiff","data/spot6/URFA/"
"1554839087","True","0.528597378730774","1024","1024","lab","NoFilter","NoCutoff","8.02159757445495","8.304454610464747","8.572755639128331","0.10989260666769453","0.0930808235420202","0.08613076663752585","3.128772830995126","0.7821932077487815","data/spot6/URFA/S6_URFA_MS.tiff","data/spot6/URFA/"
"1554839097","False","0.9471517562866211","1024","1024","lab_fft","ideal_lpf","0.125","7.042927338501732","7.691805947524889","7.555242396684909","0.09907857510952264","0.08604017886158298","0.07632395922955099","2.8289863060489675","0.7072465765122419","data/spot6/URFA/S6_URFA_MS.tiff","data/spot6/URFA/"
"1554839106","True","0.7922200918197632","1024","1024","lab_fft","ideal_lpf","0.125","7.042927338501732","7.691805947524889","7.555242396684909","0.09907857510952264","0.08604017886158298","0.07632395922955099","2.8289863060489675","0.7072465765122419","data/spot6/URFA/S6_URFA_MS.tiff","data/spot6/URFA/"
"1554839116","False","0.9520167589187623","1024","1024","lab_fft","hamming","0.125","7.042927338501732","7.691805947524889","7.555242396684909","0.09907857510952264","0.08604017886158298","0.07632395922955099","2.8289863060489675","0.7072465765122419","data/spot6/URFA/S6_URFA_MS.tiff","data/spot6/URFA/"
"1554839125","True","0.8172380924224854","1024","1024","lab_fft","hamming","0.125","7.351118945137534","7.979772979503457","7.887046012218627","0.1030657759362049","0.0890198136340234","0.07968870616969269","2.9408106586205705","0.7352026646551426","data/spot6/URFA/S6_URFA_MS.tiff","data/spot6/URFA/"
"1554839136","False","0.9504936695098877","1024","1024","lab_fft","hanning","0.125","7.042927338501732","7.691805947524889","7.555242396684909","0.09907857510952264","0.08604017886158298","0.07632395922955099","2.8289863060489675","0.7072465765122419","data/spot6/URFA/S6_URFA_MS.tiff","data/spot6/URFA/"
"1554839145","True","0.8206343650817871","1024","1024","lab_fft","hanning","0.125","7.396675559809438","8.025130503946162","7.937214777210735","0.10367202098494263","0.08948504444329354","0.08020289921174645","2.957972888820599","0.7394932222051498","data/spot6/URFA/S6_URFA_MS.tiff","data/spot6/URFA/"
"1554839155","False","0.9574305295944214","1024","1024","lab_fft","lbtw","0.125","7.042927338501732","7.691805947524889","7.555242396684909","0.09907857510952264","0.08604017886158298","0.07632395922955099","2.8289863060489675","0.7072465765122419","data/spot6/URFA/S6_URFA_MS.tiff","data/spot6/URFA/"
"1554839164","True","0.8084019899368287","1024","1024","lab_fft","lbtw","0.125","6.291306978751135","6.865842655245636","6.7065895414954735","0.08884517453641316","0.0778058452889561","0.06759097389728431","2.5348449057426357","0.6337112264356589","data/spot6/URFA/S6_URFA_MS.tiff","data/spot6/URFA/"
"1554839174","False","0.9484211683273316","1024","1024","lab_fft","gauss_low","0.125","7.042927338501732","7.691805947524889","7.555242396684909","0.09907857510952264","0.08604017886158298","0.07632395922955099","2.8289863060489675","0.7072465765122419","data/spot6/URFA/S6_URFA_MS.tiff","data/spot6/URFA/"
"1554839183","True","0.8109733819961548","1024","1024","lab_fft","gauss_low","0.125","6.513270545542593","7.116009461393512","6.959311545211723","0.09187404505542388","0.08027301326243261","0.07018881597582638","2.6223434116743385","0.6555858529185846","data/spot6/URFA/S6_URFA_MS.tiff","data/spot6/URFA/"
"1554839184","False","0.039584922790527347","1024","1024","brovey","NoFilter","NoCutoff","6.341030099710955","6.439922646134095","6.399898885769424","0.08287174225566063","0.07107783621717415","0.06355240809219523","2.353787017731893","0.5884467544329732","data/spot6/URFA/S6_URFA_MS.tiff","data/spot6/URFA/"
"1554839185","True","0.038566970825195314","1024","1024","brovey","NoFilter","NoCutoff","6.341030099710955","6.439922646134095","6.399898885769424","0.08287174225566063","0.07107783621717415","0.06355240809219523","2.353787017731893","0.5884467544329732","data/spot6/URFA/S6_URFA_MS.tiff","data/spot6/URFA/"
"1554839186","False","0.03966565132141113","1024","1024","brovey","NoFilter","NoCutoff","6.341030099710955","6.439922646134095","6.399898885769424","0.08287174225566063","0.07107783621717415","0.06355240809219523","2.353787017731893","0.5884467544329732","data/spot6/URFA/S6_URFA_MS.tiff","data/spot6/URFA/"
"1554839188","True","0.0387178897857666","1024","1024","brovey","NoFilter","NoCutoff","6.341030099710955","6.439922646134095","6.399898885769424","0.08287174225566063","0.07107783621717415","0.06355240809219523","2.353787017731893","0.5884467544329732","data/spot6/URFA/S6_URFA_MS.tiff","data/spot6/URFA/"
"1554839189","False","0.03997683525085449","1024","1024","brovey","NoFilter","NoCutoff","6.341030099710955","6.439922646134095","6.399898885769424","0.08287174225566063","0.07107783621717415","0.06355240809219523","2.353787017731893","0.5884467544329732","data/spot6/URFA/S6_URFA_MS.tiff","data/spot6/URFA/"
"1554839190","True","0.039153337478637695","1024","1024","brovey","NoFilter","NoCutoff","6.341030099710955","6.439922646134095","6.399898885769424","0.08287174225566063","0.07107783621717415","0.06355240809219523","2.353787017731893","0.5884467544329732","data/spot6/URFA/S6_URFA_MS.tiff","data/spot6/URFA/"
"1554839191","False","0.04042201042175293","1024","1024","brovey","NoFilter","NoCutoff","6.341030099710955","6.439922646134095","6.399898885769424","0.08287174225566063","0.07107783621717415","0.06355240809219523","2.353787017731893","0.5884467544329732","data/spot6/URFA/S6_URFA_MS.tiff","data/spot6/URFA/"
"1554839192","True","0.03872966766357422","1024","1024","brovey","NoFilter","NoCutoff","6.341030099710955","6.439922646134095","6.399898885769424","0.08287174225566063","0.07107783621717415","0.06355240809219523","2.353787017731893","0.5884467544329732","data/spot6/URFA/S6_URFA_MS.tiff","data/spot6/URFA/"
"1554839193","False","0.039791226387023926","1024","1024","brovey","NoFilter","NoCutoff","6.341030099710955","6.439922646134095","6.399898885769424","0.08287174225566063","0.07107783621717415","0.06355240809219523","2.353787017731893","0.5884467544329732","data/spot6/URFA/S6_URFA_MS.tiff","data/spot6/URFA/"
"1554839194","True","0.039800262451171874","1024","1024","brovey","NoFilter","NoCutoff","6.341030099710955","6.439922646134095","6.399898885769424","0.08287174225566063","0.07107783621717415","0.06355240809219523","2.353787017731893","0.5884467544329732","data/spot6/URFA/S6_URFA_MS.tiff","data/spot6/URFA/"
"1554839201","False","0.5834868431091309","1024","1024","hfm","ideal_lpf","0.125","6.905907984500357","7.145409342829357","8.868270264153669","0.09918620096568709","0.10810602372130887","0.16404572815423932","4.2143153144356535","1.0535788286089134","data/spot6/URFA/S6_URFA_MS.tiff","data/spot6/URFA/"
"1554839206","True","0.39380664825439454","1024","1024","hfm","ideal_lpf","0.125","6.905907984500357","7.145409342829357","8.868270264153669","0.09918620096568709","0.10810602372130887","0.16404572815423932","4.2143153144356535","1.0535788286089134","data/spot6/URFA/S6_URFA_MS.tiff","data/spot6/URFA/"
"1554839212","False","0.5688334703445435","1024","1024","hfm","hamming","0.125","6.905907984500357","7.145409342829357","8.868270264153669","0.09918620096568709","0.10810602372130887","0.16404572815423932","4.2143153144356535","1.0535788286089134","data/spot6/URFA/S6_URFA_MS.tiff","data/spot6/URFA/"
"1554839217","True","0.41535277366638185","1024","1024","hfm","hamming","0.125","7.832872101486784","8.427098707864562","9.950848702866008","0.10627318194064399","0.1258223383148761","0.1769761651562307","4.626089894095901","1.1565224735239752","data/spot6/URFA/S6_URFA_MS.tiff","data/spot6/URFA/"
"1554839224","False","0.5745349645614624","1024","1024","hfm","hanning","0.125","6.905907984500357","7.145409342829357","8.868270264153669","0.09918620096568709","0.10810602372130887","0.16404572815423932","4.2143153144356535","1.0535788286089134","data/spot6/URFA/S6_URFA_MS.tiff","data/spot6/URFA/"
"1554839229","True","0.42540740966796875","1024","1024","hfm","hanning","0.125","8.018087934824079","8.59189036883458","10.067493476763095","0.10811623855028818","0.1280870472696009","0.17841104617947254","4.682687700576799","1.1706719251441997","data/spot6/URFA/S6_URFA_MS.tiff","data/spot6/URFA/"
"1554839235","False","0.5688855886459351","1024","1024","hfm","lbtw","0.125","6.905907984500357","7.145409342829357","8.868270264153669","0.09918620096568709","0.10810602372130887","0.16404572815423932","4.2143153144356535","1.0535788286089134","data/spot6/URFA/S6_URFA_MS.tiff","data/spot6/URFA/"
"1554839240","True","0.4004098415374756","1024","1024","hfm","lbtw","0.125","5.845203334651561","6.655977588645853","8.738706897242695","0.08783972310447541","0.10382278107308394","0.1634837482577686","4.085760257978629","1.0214400644946573","data/spot6/URFA/S6_URFA_MS.tiff","data/spot6/URFA/"
"1554839246","False","0.575558066368103","1024","1024","hfm","gauss_low","0.125","6.905907984500357","7.145409342829357","8.868270264153669","0.09918620096568709","0.10810602372130887","0.16404572815423932","4.2143153144356535","1.0535788286089134","data/spot6/URFA/S6_URFA_MS.tiff","data/spot6/URFA/"
"1554839251","True","0.4207757949829102","1024","1024","hfm","gauss_low","0.125","6.014063879204665","6.65313720325481","8.671672646049146","0.09014862825141465","0.10314173120594958","0.16241927313130536","4.079161301433646","1.0197903253584115","data/spot6/URFA/S6_URFA_MS.tiff","data/spot6/URFA/"
